Date,sigma_gjr,target_sigma
2018-02-02,0.19769110385741656,0.2096024356847353
2018-02-05,0.22545733117345465,0.22058357866866415
2018-02-06,0.23963757964953109,0.2668485816836949
2018-02-07,0.36377380683748844,0.2742589080644212
2018-02-08,0.3726238929538226,0.28566430698708545
2018-02-09,0.40682516344917696,0.2917295571693594
2018-02-12,0.34529832450376147,0.32846883904112034
2018-02-13,0.3493133579313132,0.32831085229061674
2018-02-14,0.3136024547998081,0.33662994138849495
2018-02-15,0.3344235793125868,0.3527900496999498
2018-02-16,0.35502076483020195,0.35273351395028785
2018-02-20,0.29539909706921263,0.3526431968392453
2018-02-21,0.24626559786912802,0.35200538946057536
2018-02-22,0.22415857620726007,0.35359946390829927
2018-02-23,0.20496564624079586,0.3545982902469036
2018-02-26,0.21252096559247274,0.3537236441211485
2018-02-27,0.22184261040345535,0.3542510206360839
2018-02-28,0.19879335898644213,0.3446365579883555
2018-03-01,0.18221247497597823,0.3508161649645675
2018-03-02,0.2319647706172162,0.3511566618635313
2018-03-05,0.21966176653840924,0.35116216377506954
2018-03-06,0.20830664978503494,0.3073129800505285
2018-03-07,0.19581010522305708,0.29223233441923335
2018-03-08,0.19741910438676094,0.2634567396754605
2018-03-09,0.19134093174810787,0.2495581052057
2018-03-12,0.19091287656296102,0.2172089906879733
2018-03-13,0.18503726872687945,0.2246326368173948
2018-03-14,0.1907252191216401,0.19604230365961164
2018-03-15,0.19190464148901917,0.1952569969198929
2018-03-16,0.18513190188444367,0.18967403351088333
2018-03-19,0.17931628432735558,0.16552015590818073
2018-03-20,0.20584361846551208,0.16496882849912153
2018-03-21,0.1950194442661744,0.18395089083552574
2018-03-22,0.2510768047286889,0.1898241189213495
2018-03-23,0.2568176707046799,0.20241991094154888
2018-03-26,0.29891110341848237,0.2557119310736008
2018-03-27,0.3107510777476702,0.25876207164934695
2018-03-28,0.3596378550299955,0.26031804436029643
2018-03-29,0.3351067246988664,0.263092508451263
2018-04-02,0.2948606756296501,0.2579734991275069
2018-04-03,0.2644465569016802,0.25971550563462453
2018-04-04,0.2378512420326336,0.26929873636857904
2018-04-05,0.22778959930788648,0.2708446577201805
2018-04-06,0.21149896622990974,0.2830453916909879
2018-04-09,0.28786180587132526,0.2825089483838409
2018-04-10,0.2604160930374041,0.28391754549739284
2018-04-11,0.24404607909249557,0.28096660334971807
2018-04-12,0.22564017158075605,0.2827946716663716
2018-04-13,0.21384125005232132,0.28210689647460224
2018-04-16,0.19975987850294794,0.2831361145440176
2018-04-17,0.19079423482786864,0.2872551439842188
2018-04-18,0.1883573031979205,0.281902285898041
2018-04-19,0.18273482644971906,0.2998130531802068
2018-04-20,0.28768587644384136,0.32371439371450483
2018-04-23,0.451383970924771,0.3204938945565266
2018-04-24,0.3745041613721603,0.31379345739854564
2018-04-25,0.3437828799659322,0.2644357217607126
2018-04-26,0.29732495969372863,0.25094510822348537
2018-04-27,0.2587611443883748,0.2512141325849572
2018-04-30,0.2512218939625716,0.2581721705749223
2018-05-01,0.2371295116224711,0.26975660501235654
2018-05-02,0.23580975905791468,0.30622687098408063
2018-05-03,0.26415264181522863,0.3001577793161865
2018-05-04,0.23450915207675946,0.32620033703681195
2018-05-07,0.27306140802129547,0.3090054826738828
2018-05-08,0.2442812729109391,0.3083987856179512
2018-05-09,0.22694641094126483,0.3041783529166178
2018-05-10,0.2117680785461076,0.30463194737420113
2018-05-11,0.20849855369895912,0.30536553988809356
2018-05-14,0.19830840789693588,0.3061477771784871
2018-05-15,0.19172710769489607,0.3091635471291821
2018-05-16,0.19754810470134304,0.3076228108032301
2018-05-17,0.18980524768861617,0.30878937243159976
2018-05-18,0.18724717066731375,0.2882676841318755
2018-05-21,0.18537080741305711,0.23578922736779948
2018-05-22,0.18011199213385276,0.2356042299780592
2018-05-23,0.1770137821827482,0.2239505126080191
2018-05-24,0.17312628628323876,0.2255859622261555
2018-05-25,0.16926253275765327,0.22584717898100326
2018-05-29,0.16534887111552288,0.21922023736083404
2018-05-30,0.16402923512702025,0.2177889132820078
2018-05-31,0.16007479161145402,0.21124001524310218
2018-06-01,0.1582340570474857,0.16695719066095038
2018-06-04,0.1631286192422084,0.1675350032724282
2018-06-05,0.1619797858839049,0.11279185347728644
2018-06-06,0.16032321427663182,0.11159359952200025
2018-06-07,0.1558133866088704,0.11257375252463088
2018-06-08,0.15320848249857114,0.11738840175400178
2018-06-11,0.16884484212152345,0.10808595565010277
2018-06-12,0.1612095363372199,0.10822765814551763
2018-06-13,0.1569498455216171,0.11233381307456257
2018-06-14,0.16827826038661353,0.10658347906986906
2018-06-15,0.1621320505727094,0.10922149020316917
2018-06-18,0.17962306376791945,0.10668234089939585
2018-06-19,0.17182158783155743,0.12084544207388313
2018-06-20,0.21330686708255842,0.11915985294796667
2018-06-21,0.20178234489760832,0.12035679946322587
2018-06-22,0.19639848763724432,0.11800157379411406
2018-06-25,0.18739116068875372,0.12773103342942438
2018-06-26,0.21632094096555368,0.13599220624862643
2018-06-27,0.20453744797876064,0.1356872914087001
2018-06-28,0.19412639071189286,0.13852667147106928
2018-06-29,0.18581527623742974,0.13826769710230807
2018-07-02,0.18000276827233552,0.12863436999409245
2018-07-03,0.17376820607521026,0.13659190123364096
2018-07-05,0.22022237937881164,0.1368904816292962
2018-07-06,0.20772407890030786,0.14638681387663996
2018-07-09,0.19852973693867715,0.15554309182163398
2018-07-10,0.1904267996061079,0.15252770481273195
2018-07-11,0.18263094585513137,0.15868446811023923
2018-07-12,0.20421256058010553,0.16866631733336387
2018-07-13,0.19470210672866528,0.1662542944137555
2018-07-16,0.18681303897056206,0.16644578752017253
2018-07-17,0.18042435018849579,0.16232224350593802
2018-07-18,0.17342920685508978,0.1636858441463882
2018-07-19,0.17253983439154932,0.15363904329618785
2018-07-20,0.1663007221769649,0.15384331240530624
2018-07-23,0.16120547131950366,0.1518395168719925
2018-07-24,0.15506530162578372,0.15214327053353188
2018-07-25,0.150725440767774,0.140790694515993
2018-07-26,0.14669791173977922,0.13832196710100347
2018-07-27,0.14387093339322443,0.1531613121415322
2018-07-30,0.19328772999692315,0.1538052041871225
2018-07-31,0.18821299999191493,0.15337793300150437
2018-08-01,0.1790186185557991,0.24585863440900482
2018-08-02,0.1814169045342508,0.2482390222501423
2018-08-03,0.242065030047835,0.24827679844952993
2018-08-06,0.20646899607472574,0.24643856241864132
2018-08-07,0.18393166028698157,0.24918590462658988
2018-08-08,0.19322790512628374,0.2487787369911945
2018-08-09,0.17874530941771627,0.2410806625991935
2018-08-10,0.17153058631075283,0.2387701710182701
2018-08-13,0.1609033442761011,0.2387123210215252
2018-08-14,0.1564016628896838,0.23752923980097912
2018-08-15,0.15254307689771032,0.23758280693608266
2018-08-16,0.14877623679981802,0.23696555830769703
2018-08-17,0.14767074309679104,0.24196144539959918
2018-08-20,0.14968681344602036,0.24660761692428423
2018-08-21,0.1688276249289845,0.247513823255788
2018-08-22,0.16380029041194433,0.24818988733643338
2018-08-23,0.16007909082367364,0.24797674341677212
2018-08-24,0.15556746072133879,0.24634362490453388
2018-08-27,0.15163676039916474,0.2330252121939017
2018-08-28,0.14887161580790387,0.2288752727235948
2018-08-29,0.1474898600873413,0.22957871068980396
2018-08-30,0.14920296857607732,0.14297252502673857
2018-08-31,0.14801525476391608,0.11761477707325277
2018-09-04,0.14805601766211227,0.11756236251062192
2018-09-05,0.14526708555611798,0.12371044954856547
2018-09-06,0.153990763565251,0.13580303714747322
2018-09-07,0.20503185710882987,0.14155390742567914
2018-09-10,0.20530061109702813,0.15185824999150807
2018-09-11,0.22485812855285792,0.1695100809246179
2018-09-12,0.21588781564545903,0.1780009432884933
2018-09-13,0.22950742785565886,0.19253087605255131
2018-09-14,0.2181652856090665,0.19947240431070268
2018-09-17,0.22820717871923188,0.2199764167395036
2018-09-18,0.32190198109029494,0.20919006695761155
2018-09-19,0.2929880854238814,0.20604479445772286
2018-09-20,0.2690800724118468,0.20717464026586488
2018-09-21,0.25120070501431147,0.21125219576098642
2018-09-24,0.2544698097894354,0.21650984638012186
2018-09-25,0.2388719139360407,0.21716006898736265
2018-09-26,0.22451572670059725,0.2179323977903922
2018-09-27,0.22358333031360775,0.22723593351082816
2018-09-28,0.21260102850539103,0.22196362060871722
2018-10-01,0.2019535020826618,0.22093527032585894
2018-10-02,0.19269833561243732,0.2194615152111269
2018-10-03,0.1844659157595944,0.22305374641233258
2018-10-04,0.17810373345892222,0.2309080629591862
2018-10-05,0.22796113459240677,0.23054513245255007
2018-10-08,0.2555153292045966,0.22876878452723742
2018-10-09,0.23906703713493524,0.2271797440980946
2018-10-10,0.22516893802335194,0.2688728702193397
2018-10-11,0.4568970866397235,0.26731235969297273
2018-10-12,0.4199371536640425,0.2830753003683401
2018-10-15,0.3938665272726667,0.28996668231827416
2018-10-16,0.4079421068444106,0.2849262364047078
2018-10-17,0.37677641643796733,0.2854869799085461
2018-10-18,0.347140849948354,0.2976310573809393
2018-10-19,0.3795794265338978,0.30133717459134557
2018-10-22,0.3461411169357833,0.29948056302674575
2018-10-23,0.3184622868228961,0.2971448655952533
2018-10-24,0.2942187810100277,0.3202421413109563
2018-10-25,0.4078219845933628,0.3290733516829821
2018-10-26,0.37597493512745034,0.32465896150594487
2018-10-29,0.3726282776129329,0.3292621502842734
2018-10-30,0.37900707718362886,0.3286779534031842
2018-10-31,0.34611252928154185,0.3413197153448547
2018-11-01,0.3210075384157081,0.34314716820194996
2018-11-02,0.29693388743523,0.4110171131730346
2018-11-05,0.6734798533179345,0.41774702419945403
2018-11-06,0.6608881128966835,0.42127717072783266
2018-11-07,0.6001062161357457,0.43357996211941496
2018-11-08,0.5507660152108654,0.4033918866055211
2018-11-09,0.5038219883264005,0.407450596034867
2018-11-12,0.4899796365664485,0.4183771690810423
2018-11-13,0.6359436395847855,0.4149221293500502
2018-11-14,0.5861640075139721,0.4095897881128741
2018-11-15,0.5927235395331121,0.4247030412126624
2018-11-16,0.5455272250566806,0.4242675561097162
2018-11-19,0.5012122606783797,0.4344889660286048
2018-11-20,0.5768197167152067,0.45386389445453473
2018-11-21,0.6788391619180257,0.44954917682510753
2018-11-23,0.620967405499239,0.44445389709748223
2018-11-26,0.6109504582295244,0.43783955789271967
2018-11-27,0.5591777863824683,0.43837669532124746
2018-11-28,0.5118112267349991,0.46704518964769415
2018-11-29,0.4763390388285688,0.464858877792975
2018-11-30,0.4460208410390754,0.4485863781950254
2018-12-03,0.4115924540535181,0.4664048681490913
2018-12-04,0.3881435458576542,0.4341368102872344
2018-12-06,0.5274056127767589,0.4274804609297734
2018-12-07,0.49463188400393426,0.43437366136480227
2018-12-10,0.5489182355345192,0.4152468101557004
2018-12-11,0.5058947518864959,0.4148770254332261
2018-12-12,0.4686607225228257,0.4157081123545193
2018-12-13,0.43379611486659586,0.39058218542452766
2018-12-14,0.400594849760345,0.40108707300786356
2018-12-17,0.4584327123994684,0.39354105848510074
2018-12-18,0.4297275825270145,0.3842004507174448
2018-12-19,0.3978682292754484,0.3877661145961673
2018-12-20,0.45283818361985845,0.3757044039836308
2018-12-21,0.47010839852438563,0.36417844168937785
2018-12-24,0.5455085979293778,0.36886146571034584
2018-12-26,0.5480194521761491,0.44909363967323895
2018-12-27,0.5168406648349332,0.4444196007975899
2018-12-28,0.487312685819521,0.44475707536095693
2018-12-31,0.4465908421132102,0.4205729183723524
2019-01-02,0.4098234696612759,0.42137779692051464
2019-01-03,0.3770489411307883,0.5428042802678298
2019-01-04,0.9873967412071639,0.5511791305672261
2019-01-07,0.909770535695248,0.5371915006886017
2019-01-08,0.8308168272668134,0.5453039716546535
2019-01-09,0.7641119338433899,0.5404027849138278
2019-01-10,0.7032719873616148,0.5396581994033894
2019-01-11,0.6472616936920957,0.53995190406463
2019-01-14,0.6021253794943447,0.5403299369434127
2019-01-15,0.5696309348661455,0.5449152632635158
2019-01-16,0.5287672635010477,0.5386917880323272
2019-01-17,0.48820039291070294,0.5390686803488585
2019-01-18,0.45142793756106253,0.5371520673709371
2019-01-22,0.41366504559631134,0.5319238767822111
2019-01-23,0.42656386777801203,0.5254600322450915
2019-01-24,0.39221997032029,0.5071333321452232
2019-01-25,0.36520272367830797,0.5088453068319866
2019-01-28,0.35114404111503783,0.45247630777433645
2019-01-29,0.3334306799907137,0.4533578301731308
2019-01-30,0.3184012700281454,0.5086718523961254
2019-01-31,0.3273113238374386,0.5083217070334572
2019-02-01,0.30173582446568176,0.5083500025576784
2019-02-04,0.27534985718681587,0.332455605750626
2019-02-05,0.2696100748494312,0.3119399264119935
2019-02-06,0.2696322989071214,0.3110370076278599
2019-02-07,0.2550399418546272,0.3216466333449427
2019-02-08,0.28692983438694264,0.3195567627287806
2019-02-11,0.2726973023271343,0.3217796860343137
2019-02-12,0.26724229694078716,0.31749303282126523
2019-02-13,0.25190214535295136,0.3106116511586994
2019-02-14,0.24201766480821527,0.30645032672417605
2019-02-15,0.229080322888359,0.3065230733145852
2019-02-19,0.21951195226240663,0.30654894394128895
2019-02-20,0.2122248624439272,0.30656781288331986
2019-02-21,0.2030544333100651,0.29280938810093887
2019-02-22,0.19927638651494078,0.29341039083149295
2019-02-25,0.19243928439364702,0.2891504420112391
2019-02-26,0.1858069953085837,0.2735688467044412
2019-02-27,0.18061931655748747,0.2687574447061747
2019-02-28,0.17718732963119183,0.26836334516364946
2019-03-01,0.1903100698222855,0.15589360412723208
2019-03-04,0.18408832903853387,0.155330413436457
2019-03-05,0.17990118262856022,0.1559711050705505
2019-03-06,0.17500235012206003,0.12840054012814944
2019-03-07,0.17608134815055232,0.12195677639935783
2019-03-08,0.19568197298215628,0.12228529980050458
2019-03-11,0.18853310408695487,0.15323010504898976
2019-03-12,0.18914598673265082,0.15613298860948313
2019-03-13,0.18593863182962914,0.15300643507524322
2019-03-14,0.18100218955622244,0.15431050572312974
2019-03-15,0.17760867074188758,0.1550394586956692
2019-03-18,0.17517369405858163,0.15634702675619883
2019-03-19,0.17164713768169185,0.16068656070398557
2019-03-20,0.17898759912249224,0.16131560428898598
2019-03-21,0.17571338816777876,0.19500440713889355
2019-03-22,0.1804675879914853,0.2128538842170244
2019-03-25,0.2414360589832161,0.21995185077377774
2019-03-26,0.24886073881076182,0.22524350136246823
2019-03-27,0.24985654325162213,0.22582856575424742
2019-03-28,0.2408700788628138,0.2259727176781877
2019-03-29,0.23419104964528153,0.2206923076792057
2019-04-01,0.22626173147663475,0.2197870668750464
2019-04-02,0.21828585791446606,0.22261134441465769
2019-04-03,0.21116793625424918,0.22144106094436952
2019-04-04,0.20504691047529305,0.2183041154618659
2019-04-05,0.20109964113956216,0.2092662358752941
2019-04-08,0.1953183697236296,0.21113485939191023
2019-04-09,0.19471533610689812,0.18907384122599746
2019-04-10,0.1915747748325103,0.18783341470102127
2019-04-11,0.1896868486075417,0.1933996017308179
2019-04-12,0.19549524556442766,0.1924396671698057
2019-04-15,0.19059756310105758,0.18960918428994872
2019-04-16,0.18458656707007443,0.1881825834733949
2019-04-17,0.17929018536626384,0.19224946858556838
2019-04-18,0.17986443075387606,0.1915087371308228
2019-04-22,0.17492230599386016,0.15113698271833517
2019-04-23,0.1742686690841478,0.13101417121428108
2019-04-24,0.17801756570548305,0.11921027010075519
2019-04-25,0.17328782779844493,0.11728801275496555
2019-04-26,0.18548404620459802,0.12032382872334799
2019-04-29,0.1832273110095154,0.1202753775886264
2019-04-30,0.17752133894609395,0.14425930329820477
2019-05-01,0.22699428449072143,0.2131640679928618
2019-05-02,0.22962632900638846,0.2133170479617844
2019-05-03,0.22925017456176988,0.21522869714278992
2019-05-06,0.22038743026653365,0.22545807175269286
2019-05-07,0.24382979373653035,0.24813117500391893
2019-05-08,0.3102884070568536,0.24268812941120543
2019-05-09,0.2904598259468025,0.24565788867416427
2019-05-10,0.28707373968506766,0.24963723749165237
2019-05-13,0.2923868743806524,0.32278134857900204
2019-05-14,0.5510615197013295,0.3292328220082828
2019-05-15,0.5058675923467747,0.33267201053987466
2019-05-16,0.466350114004079,0.3327064280216307
2019-05-17,0.4361757179933788,0.3236421874723479
2019-05-20,0.4121504710791116,0.3371246512225576
2019-05-21,0.4584232503974597,0.34621686216116376
2019-05-22,0.4305546990739653,0.3438682314269396
2019-05-23,0.43492442285794203,0.3456750466183658
2019-05-24,0.42631835741795876,0.34567341024794
2019-05-28,0.4028658602931219,0.34571712490523115
2019-05-29,0.37852837085281466,0.3446056031005087
2019-05-30,0.35745216607137714,0.3436105886384314
2019-05-31,0.3374097532136492,0.28571535059325653
2019-06-03,0.34324464799468696,0.2856611063090687
2019-06-04,0.3316780688608192,0.31752683311868024
2019-06-05,0.32262821553701515,0.32632869208451326
2019-06-06,0.30986163587991383,0.3243336765851229
2019-06-07,0.29827718264271197,0.3408879478049748
2019-06-10,0.28802196725669454,0.3437389060915984
2019-06-11,0.27587348168169984,0.34370486868873934
2019-06-12,0.2674211607848895,0.26829468083214975
2019-06-13,0.25689584700526225,0.2637687174018633
2019-06-14,0.2471784274939648,0.26248107675400184
2019-06-17,0.24541421162959134,0.26251648859156806
2019-06-18,0.2359041039361606,0.2722547031424791
2019-06-19,0.2352273245719926,0.24356900000321052
2019-06-20,0.22758973590747517,0.23778212389188175
2019-06-21,0.2238079843192733,0.22301657575835748
2019-06-24,0.21898969106121133,0.2102953983174047
2019-06-25,0.21329550010652923,0.21970755465199288
2019-06-26,0.2375882485711005,0.22519843640003712
2019-06-27,0.233935281721538,0.2231620884105583
2019-06-28,0.22991782996905724,0.2289929497943131
2019-07-01,0.23295534379312607,0.21685051951894246
2019-07-02,0.22795430651953374,0.20807348707432435
2019-07-03,0.22109592420826962,0.18065358431845885
2019-07-05,0.21704023885588836,0.17849847326036336
2019-07-08,0.2137406829957761,0.19664681338316814
2019-07-09,0.26192489388055357,0.17905014308483116
2019-07-10,0.25463214078926577,0.17730415581799028
2019-07-11,0.24920993268094652,0.17732139348783485
2019-07-12,0.24668462675729225,0.17755834369445325
2019-07-15,0.24207571933945715,0.17901857903189677
2019-07-16,0.24058122449095548,0.1768238279977127
2019-07-17,0.2355829435428935,0.1787861709097471
2019-07-18,0.23308093492223508,0.16541105680767407
2019-07-19,0.22712928240404132,0.17473903070653773
2019-07-22,0.24797589940749684,0.18873223818846693
2019-07-23,0.24245009671362813,0.1888083921494744
2019-07-24,0.23460558771579776,0.1887664046707155
2019-07-25,0.22722985141041335,0.18171139599310718
2019-07-26,0.2284281671979108,0.16861988502846684
2019-07-29,0.22236482362306684,0.17034147225222634
2019-07-30,0.2157114457826863,0.16702315969392387
2019-07-31,0.21503486164850233,0.16953858879785688
2019-08-01,0.2116559637532651,0.18901665012791427
2019-08-02,0.2615104275118238,0.20270812035459007
2019-08-05,0.2887036416246065,0.2751500316387947
2019-08-06,0.4807636210407631,0.2762875511263251
2019-08-07,0.4458632789190495,0.2779793422492717
2019-08-08,0.41308566165279814,0.28656824473267967
2019-08-09,0.3916802302758463,0.28689981919743984
2019-08-12,0.37065150869636637,0.2856443161186626
2019-08-13,0.3499286690850637,0.3192800659980224
2019-08-14,0.3352717470954534,0.3369989914575128
2019-08-15,0.3839770119458877,0.33687582600088045
2019-08-16,0.3618686440387459,0.3445337843644227
2019-08-19,0.3424633537395619,0.34519933492121285
2019-08-20,0.3262788035257041,0.3369620769129309
2019-08-21,0.3126233000282635,0.33789152757327456
2019-08-22,0.2995097061632811,0.3378938309792596
2019-08-23,0.28592141903719354,0.37642297114804485
2019-08-26,0.43106536965783265,0.3823459827796664
2019-08-27,0.40381356953886466,0.3826371235500457
2019-08-28,0.3865471003959207,0.3833679152007536
2019-08-29,0.36463064697985054,0.38121728489746126
2019-08-30,0.3461332945073775,0.3734182578314298
2019-09-03,0.3307186782275115,0.36921700212092423
2019-09-04,0.3302789637231219,0.31536600269993575
2019-09-05,0.31599966515023675,0.31573377009874776
2019-09-06,0.30186427241420344,0.3151566031960786
2019-09-09,0.28884255334218767,0.30806506290682345
2019-09-10,0.2784669581903296,0.3069393973366793
2019-09-11,0.26795048173884983,0.32051714895433836
2019-09-12,0.26324796817904506,0.2927373071079511
2019-09-13,0.25684868222723317,0.27956590774611045
2019-09-16,0.28196132680963293,0.27783677498744735
2019-09-17,0.27487133040074846,0.2689065101006874
2019-09-18,0.26648871812493535,0.26417504922421225
2019-09-19,0.26143488837914797,0.266742357290403
2019-09-20,0.2587915295876722,0.2711714891794044
2019-09-23,0.26941540662130714,0.27131912098549843
2019-09-24,0.26042661879150003,0.20763879260216467
2019-09-25,0.2547133868439049,0.2046624256332897
2019-09-26,0.2486678884468371,0.20018415952841906
2019-09-27,0.2435985993343329,0.20189066601621686
2019-09-30,0.23875436643171627,0.2086015736341714
2019-10-01,0.23721458906878962,0.20795049992826206
2019-10-02,0.23033943506502638,0.222541578604207
2019-10-03,0.27905434141529345,0.21781843726874636
2019-10-04,0.2683472983054844,0.22753511673980423
2019-10-07,0.2614403904208262,0.22748442404442953
2019-10-08,0.25420807451817795,0.23307301136448222
2019-10-09,0.25776751409765736,0.23302580147047952
2019-10-10,0.2492174121140352,0.21218819669317887
2019-10-11,0.24283829049271544,0.2284221210987756
2019-10-14,0.2409872717272243,0.21422501922266277
2019-10-15,0.23485758645203927,0.21509381897945928
2019-10-16,0.23195489152311455,0.21655103840260728
2019-10-17,0.2293238433768091,0.2153167844253563
2019-10-18,0.22570193804783437,0.21180737889117368
2019-10-21,0.22017470487635402,0.20653039297303857
2019-10-22,0.21995763024077178,0.2079629833082549
2019-10-23,0.2163101818117269,0.20734511139462863
2019-10-24,0.21368938440380755,0.20441959747941735
2019-10-25,0.20935170439301135,0.20279726649679267
2019-10-28,0.20979439843937717,0.1997639779710792
2019-10-29,0.20867224716248267,0.21430260026534803
2019-10-30,0.2512160825522441,0.21473524739465383
2019-10-31,0.2444643164457292,0.19582051140269194
2019-11-01,0.23953553316441947,0.20998481703976293
2019-11-04,0.23861922181725695,0.1961155037941405
2019-11-05,0.23360424687645442,0.19681415929828133
2019-11-06,0.22917793429801703,0.18728711337114304
2019-11-07,0.2261586461360785,0.1872268185692513
2019-11-08,0.22213352482869617,0.1859178078192368
2019-11-11,0.22000184037160872,0.17098327268847557
2019-11-12,0.2157927358267395,0.17073937867779784
2019-11-13,0.2128699578267827,0.16913722939230158
2019-11-14,0.2114139612791045,0.1715233307875152
2019-11-15,0.21262806939238327,0.17273574243090264
2019-11-18,0.21236244861033518,0.1727176956941855
2019-11-19,0.2104924164645299,0.17033198569749336
2019-11-20,0.20767642716158455,0.17834301445224027
2019-11-21,0.22059042007738044,0.17796576212429885
2019-11-22,0.2222692064127091,0.17854529623729762
2019-11-25,0.2160770203015642,0.1825329305086007
2019-11-26,0.21680199038003298,0.18537583228018176
2019-11-27,0.2180720593362951,0.1617016643703899
2019-11-29,0.2140052758599189,0.16264549375671192
2019-12-02,0.21350103516449506,0.15850682185454865
2019-12-03,0.2218780342176525,0.14678448445811962
2019-12-04,0.24454558586679961,0.1480873820626762
2019-12-05,0.23992222778897734,0.15508606914591705
2019-12-06,0.23748665575150227,0.16630878475200594
2019-12-09,0.23183382489929877,0.17254060441343547
2019-12-10,0.248768117277771,0.17318371867416746
2019-12-11,0.23894111138125687,0.17347764783289302
2019-12-12,0.23123651980990925,0.17327664851140578
2019-12-13,0.2248744843333055,0.17605945950234939
2019-12-16,0.22050878398452806,0.18038825859106064
2019-12-17,0.21947117401363983,0.1775485185434095
2019-12-18,0.21532019190469348,0.17810589165022106
2019-12-19,0.21218941355932505,0.1771561613847038
2019-12-20,0.2107871849015708,0.1705104058225595
2019-12-23,0.20924284858344197,0.17429044438039126
2019-12-24,0.21200627419265414,0.17378140354299998
2019-12-26,0.21037219519287298,0.17615115962349473
2019-12-27,0.2152101396168228,0.1716546010383582
2019-12-30,0.21043187985293393,0.1686752108092949
2019-12-31,0.20582456083832368,0.16745019237587278
2020-01-02,0.20221497725975762,0.16787489379613124
2020-01-03,0.20356992777186786,0.15491591683067957
2020-01-06,0.2009893617283713,0.1547859917674181
2020-01-07,0.19903571191547154,0.1564732502871153
2020-01-08,0.19780300029390038,0.15335597400296064
2020-01-09,0.1970624024704764,0.14513643802500234
2020-01-10,0.19823973137369683,0.14604451732500356
2020-01-13,0.19456665511300614,0.15413064255578382
2020-01-14,0.19596918049406423,0.16999345496517862
2020-01-15,0.21650204621385394,0.17222724001884346
2020-01-16,0.21390931771434837,0.16924413472685843
2020-01-17,0.20963911281137285,0.16964950649853713
2020-01-21,0.20514144217831393,0.1730819413136388
2020-01-22,0.20596887086235446,0.172396050592528
2020-01-23,0.20388849300947828,0.16996116029496441
2020-01-24,0.19902114245740263,0.16887625659996536
2020-01-27,0.19570463836408214,0.20827313668705114
2020-01-28,0.2857374509582578,0.21784224199928418
2020-01-29,0.2787567609494485,0.22422596748699705
2020-01-30,0.2638345441128698,0.22544512670403913
2020-01-31,0.24375182421895458,0.2847063070272345
2020-02-03,0.4176125377159622,0.2755965331475789
2020-02-04,0.3734550477306891,0.2925555314531606
2020-02-05,0.3497459949145879,0.2925929114468522
2020-02-06,0.31909891721927286,0.2924154134137011
2020-02-07,0.2972941912678826,0.2952837815058472
2020-02-10,0.3041906859739913,0.2878406597433751
2020-02-11,0.28288488681088597,0.2891509431800706
2020-02-12,0.2690514007335811,0.2912492944707235
2020-02-13,0.2579571100613459,0.2878393330597737
2020-02-14,0.2493376596649745,0.28702985177253787
2020-02-18,0.23614482580808172,0.29298258441547226
2020-02-19,0.2639782673093865,0.29470687612965296
2020-02-20,0.2503814219528782,0.2961014468737951
2020-02-21,0.25012658131359633,0.3068357466368888
2020-02-24,0.29210156514223273,0.34812223396626585
2020-02-25,0.4858391282533288,0.36462698487451645
2020-02-26,0.5292206356832385,0.35907133878117925
2020-02-27,0.46032162888834416,0.40656911770524107
2020-02-28,0.7487248296881839,0.3947876015158681
2020-03-02,0.6383127190534504,0.518722090589305
2020-03-03,0.5948172329484981,0.507351632501373
2020-03-04,0.6042056512768366,0.5343987747458052
2020-03-05,0.5383345691444289,0.5311159319191354
2020-03-06,0.5709864172641386,0.5301903730337023
2020-03-09,0.5123204181106439,0.5898363486285799
2020-03-10,0.9313211939127088,0.6496963340991052
2020-03-11,0.8236141221075167,0.6565689425560587
2020-03-12,0.7993553467673292,0.7368160307042653
2020-03-13,1.2750701517898662,0.8483341370074252
2020-03-16,1.138405279478462,0.9603088147364106
2020-03-17,1.793268932541654,0.979540615161294
2020-03-18,1.5492768795548648,0.9803137617848869
2020-03-19,1.3635006497824242,0.9757319327861166
2020-03-20,1.1752683251330602,0.9922524628427062
2020-03-23,1.2302907887592553,0.9921388400356272
2020-03-24,1.1065376847706925,1.055860814322949
2020-03-25,0.9910908749906666,1.051816554104918
2020-03-26,0.8545489256370197,1.0688300231353558
2020-03-27,0.7484348163625175,1.05391361711929
2020-03-30,0.7874640952846319,1.0600108971683466
2020-03-31,0.6762951176823921,1.0055725326149734
2020-04-01,0.5675996792803105,1.0150679411709942
2020-04-02,0.771837867238617,1.000543097373676
2020-04-03,0.668120792722082,0.9972587831871241
2020-04-06,0.595600360536903,1.0475140598324115
2020-04-07,0.5496410639230791,1.0092746127856094
2020-04-08,0.49309076559188686,0.9814284908826412
2020-04-09,0.43397408095441736,0.9749837233478346
2020-04-13,0.37458309680260704,0.902245603461331
2020-04-14,0.33260248966973943,0.829583427284752
2020-04-15,0.34430517119819315,0.6598911413897094
2020-04-16,0.318319956293732,0.6472602163225882
2020-04-17,0.2845942064001426,0.641721921412809
2020-04-20,0.2971602434381806,0.6470534760102226
2020-04-21,0.34700122330069344,0.6092030868726022
2020-04-22,0.4455358111903384,0.6037843305666528
2020-04-23,0.4000856221379966,0.5180786087583164
2020-04-24,0.3624882688247555,0.5226191490804036
2020-04-27,0.3310978818878274,0.497069784041494
2020-04-28,0.3018729208392199,0.4739906571550909
2020-04-29,0.3192201050764596,0.4767088297261391
2020-04-30,0.2950408940384803,0.47857421404575057
2020-05-01,0.2734306988335254,0.43373623311422915
2020-05-04,0.29800246224996174,0.4332509334592218
2020-05-05,0.2752241569875371,0.4254518124420124
2020-05-06,0.25628510346592,0.3307181065769592
2020-05-07,0.24102199205106073,0.324246653731867
2020-05-08,0.22637363429651752,0.3230932286535249
2020-05-11,0.21667016476253145,0.32433098938861943
2020-05-12,0.20778383431226732,0.32805682868278335
2020-05-13,0.22961944816201826,0.2940490202223806
2020-05-14,0.24696637241631791,0.2905444608554829
2020-05-15,0.23200717156183004,0.29224166129867835
2020-05-18,0.22685966254774875,0.2929345304366552
2020-05-19,0.21650500521585933,0.2802512795608268
2020-05-20,0.21526139553699455,0.2482321995919143
2020-05-21,0.20594275092531883,0.24285956177312343
2020-05-22,0.21152814682180263,0.23981461692733555
2020-05-26,0.20282775397088929,0.23133439439290104
2020-05-27,0.2066149661587115,0.2307276702824017
2020-05-28,0.1978060535624361,0.21749927941142927
2020-05-29,0.19079672034256945,0.19728205080763114
2020-06-01,0.18431116348995213,0.19060712027010593
2020-06-02,0.18126978357893284,0.17513139609824507
2020-06-03,0.17676855341974002,0.1723317331297933
2020-06-04,0.17345183334938138,0.17467675023093576
2020-06-05,0.1900334691702223,0.19277969155653965
2020-06-08,0.18782870741799784,0.1917959285415548
2020-06-09,0.18253860019669063,0.2026968052234408
2020-06-10,0.18479277012475426,0.21182576608786885
2020-06-11,0.18594536644247073,0.27925894298329274
2020-06-12,0.5348790527356538,0.2737053747175503
2020-06-15,0.4674849127908993,0.27497100127612856
2020-06-16,0.41599495857093693,0.28145713238063325
2020-06-17,0.38571111077187864,0.2757412990120068
2020-06-18,0.34565143998093717,0.2734436114709006
2020-06-19,0.3117192878404837,0.27133194117092096
2020-06-22,0.2883959909167153,0.27750343139555644
2020-06-23,0.2841147426566072,0.28245835124508883
2020-06-24,0.27464913735752805,0.2914865150139782
2020-06-25,0.3043848185810249,0.292421826582437
2020-06-26,0.2832464500926129,0.31997473392830783
2020-06-29,0.3929204463029679,0.32491401799234343
2020-06-30,0.36520788127511183,0.3242750204608662
2020-07-01,0.33003469290977566,0.32539833897006476
2020-07-02,0.29975736540885584,0.3259885964897614
2020-07-06,0.2736736068192042,0.3295546534742659
2020-07-07,0.27575208670844265,0.3221154405629548
2020-07-08,0.2555716986693037,0.3277437978787146
2020-07-09,0.25589353083681265,0.3152071208728892
2020-07-10,0.2385521376947348,0.30655825469474984
2020-07-13,0.22404897051861844,0.24097972231658157
2020-07-14,0.21720362378942504,0.24350278511110807
2020-07-15,0.21714012435391122,0.24259594434566578
2020-07-16,0.20880423166158338,0.2394140260095134
2020-07-17,0.23300326548161404,0.23961544184336162
2020-07-20,0.22066372598797357,0.2457527462736481
2020-07-21,0.2247792238744054,0.25193722568744087
2020-07-22,0.2511930549190265,0.2402463124687387
2020-07-23,0.23469877667262537,0.2885485974369911
2020-07-24,0.49462348206907397,0.28099572374997167
2020-07-27,0.43541233628183706,0.2885617278746453
2020-07-28,0.39886103275414814,0.2713753004983437
2020-07-29,0.39012817553955725,0.26810442109434895
2020-07-30,0.3590147254510077,0.2694491323153542
2020-07-31,0.32997328101065965,0.4298815491895028
2020-08-03,0.41247186354036264,0.43313857394977434
2020-08-04,0.39654815483679207,0.42826135011895533
2020-08-05,0.3574935428035668,0.42677116788212593
2020-08-06,0.29400604152910664,0.43352549338472157
2020-08-07,0.3293568505762066,0.4469391838878349
2020-08-10,0.37726626267379504,0.44715960531221677
2020-08-11,0.34630598761300313,0.4645255627766088
2020-08-12,0.429782668295303,0.47223798096970154
2020-08-13,0.40433375744063743,0.4735513901992906
2020-08-14,0.37354680674973656,0.4690200973757923
2020-08-17,0.34065857854941356,0.46919015978247325
2020-08-18,0.3145587317809971,0.46698788111687906
2020-08-19,0.29290709650671154,0.4610447203795199
2020-08-20,0.27096234488109294,0.46283906417044857
2020-08-21,0.26259501770037236,0.43604839961295444
2020-08-24,0.30100853138298345,0.4320254237662269
2020-08-25,0.27430628664303464,0.4378438411908685
2020-08-26,0.2684197663759488,0.42428356784844334
2020-08-27,0.2558900271029231,0.4337527032040245
2020-08-28,0.2697763403280767,0.43675939178891643
2020-08-31,0.25509905543006356,0.3131725511015247
2020-09-01,0.26076851850908145,0.3256414687615261
2020-09-02,0.2861476923905154,0.34279745231019204
2020-09-03,0.3387205943059008,0.4686332342896452
2020-09-04,0.8826506628562689,0.45604964184821606
2020-09-08,0.7729693829121961,0.5144224796468203
2020-09-09,0.9823516756177915,0.5295885650380247
2020-09-10,0.8805731630692861,0.5319753845806585
2020-09-11,0.8358926026379064,0.5220157177392296
2020-09-14,0.7535052620967109,0.5288427679251769
2020-09-15,0.6847056239632197,0.5288503996760773
2020-09-16,0.6089795207788348,0.539107078861761
2020-09-17,0.616514922028711,0.5404027493241662
2020-09-18,0.5699144551582096,0.5500690715572567
2020-09-21,0.5997797109816362,0.5554041189465103
2020-09-22,0.5485029660906008,0.5253728493868097
2020-09-23,0.4908560382870941,0.5371972175448985
2020-09-24,0.61494077574018,0.5407461835901702
2020-09-25,0.5482299642725574,0.5575544367808225
2020-09-28,0.5133090928865046,0.5660373209910359
2020-09-29,0.4681533601039827,0.5661005904899713
2020-09-30,0.42655741993003987,0.5541603209700424
2020-10-01,0.3842615259541292,0.5331282936433972
2020-10-02,0.3491311215064341,0.538707976000107
2020-10-05,0.4615099359257225,0.4762975622468081
2020-10-06,0.4340541941829082,0.4854549148834193
2020-10-07,0.4853384990218995,0.4248649466828557
2020-10-08,0.44149318967941614,0.4015440522548102
2020-10-09,0.39737900681513566,0.3883340333280269
2020-10-12,0.3679401108020252,0.43625950214656584
2020-10-13,0.4387063702172261,0.4400246240200601
2020-10-14,0.47147094914383303,0.440051306958162
2020-10-15,0.42610053216937854,0.42501893534283425
2020-10-16,0.3884087988883654,0.4239152963461256
2020-10-19,0.3784940412122496,0.4176663188814613
2020-10-20,0.4257628947817417,0.4084685684212694
2020-10-21,0.39086920450764273,0.40686956912952466
2020-10-22,0.3598964851891491,0.3756968827219368
2020-10-23,0.3429196208216145,0.37639238505797706
2020-10-26,0.3192974899384601,0.3556193240409713
2020-10-27,0.29417940090554673,0.34920882769091766
2020-10-28,0.2792072694893254,0.3863635209662176
2020-10-29,0.5186780790212372,0.40437170261889344
2020-10-30,0.49732839600796924,0.44893228398893964
2020-11-02,0.7095321626539433,0.4359676132944597
2020-11-03,0.614293248278532,0.42494035258795493
2020-11-04,0.5622529418420656,0.4377927058422115
2020-11-05,0.5421817378161622,0.4504309413305443
2020-11-06,0.5150885075307106,0.45044428915335166
2020-11-09,0.4678570131278019,0.45270928419222134
2020-11-10,0.4623509962429296,0.39302684068339444
2020-11-11,0.4216018006335378,0.3991955167435749
2020-11-12,0.4046014400692818,0.39921234457878213
2020-11-13,0.3711666717888066,0.3990493065844588
2020-11-16,0.3400890016194474,0.39706089982039394
2020-11-17,0.3174519822415937,0.38662090202441524
2020-11-18,0.30324750559769875,0.3866630329355754
2020-11-19,0.3045271258815971,0.38642142196349916
2020-11-20,0.2869446970680701,0.38692316634756163
2020-11-23,0.29230496002663,0.40101882556806145
2020-11-24,0.40688498412460006,0.4031512436595078
2020-11-25,0.371677762485977,0.4012110353177395
2020-11-27,0.34321370580880933,0.3626193534948529
2020-11-30,0.3191682212575218,0.34796217887267866
2020-12-01,0.3103938198766687,0.2874494702162729
2020-12-02,0.3155031677401504,0.2866535704585705
2020-12-03,0.2975695827111249,0.2855924571476636
2020-12-04,0.28229692470564693,0.2578666268676314
2020-12-07,0.2755512831415782,0.23335690231920958
2020-12-08,0.26944758529360496,0.23331961145151145
2020-12-09,0.260476606156042,0.23449531142698402
2020-12-10,0.3296522404075873,0.23602439297133587
2020-12-11,0.3121795044804117,0.21653171357838777
2020-12-14,0.3024296651582022,0.21732210883052241
2020-12-15,0.29144989968531815,0.2732714253256816
2020-12-16,0.33105953334483207,0.2728607501475802
2020-12-17,0.30944635770772694,0.27046346639035584
2020-12-18,0.2955445379727073,0.274059107279762
2020-12-21,0.3257407821623134,0.27576846830695667
2020-12-22,0.31120861799985755,0.2826338605196053
2020-12-23,0.30982717887279904,0.25580919146984116
2020-12-24,0.3046375621959413,0.2552348123559865
2020-12-28,0.2945770738761187,0.27389807807769745
2020-12-29,0.3037865980638432,0.28350566477363076
2020-12-30,0.3215234962168888,0.2836054720229892
2020-12-31,0.3187123445494947,0.27205084575218064
2021-01-04,0.3149989763120977,0.28973960426192313
2021-01-05,0.3910063890993005,0.29140872326241385
2021-01-06,0.36384872841735333,0.3177805521760322
2021-01-07,0.4836339794629091,0.33485304909324964
2021-01-08,0.4465117612585386,0.33539118244817634
2021-01-11,0.40698013760158636,0.33764648769520816
2021-01-12,0.4428848670587172,0.33623143868727023
2021-01-13,0.403997868489034,0.3379604816633549
2021-01-14,0.37629611436447186,0.34286829140105396
2021-01-15,0.38224355968390833,0.30296827371376367
2021-01-19,0.3808825186107503,0.3036038640975592
2021-01-20,0.3555935240973146,0.3230250844378323
2021-01-21,0.3449246741649169,0.33800262215470256
2021-01-22,0.33854233498549463,0.33939959092703637
2021-01-25,0.3246505938378109,0.3387270077680153
2021-01-26,0.320005762474159,0.336558402655765
2021-01-27,0.30733605054993796,0.3387934571797016
2021-01-28,0.3075043238134486,0.34416929157723103
2021-01-29,0.4587300854237075,0.3663814513202382
2021-02-01,0.5699672688511421,0.3700995373054687
2021-02-02,0.5106614128226513,0.3695291004288779
2021-02-03,0.45684412557792514,0.3590169571728424
2021-02-04,0.42192647189799787,0.36673358746412865
2021-02-05,0.3933747562704427,0.3427585591560214
2021-02-08,0.36804165806760997,0.3251851899790939
2021-02-09,0.3470762896906419,0.32567939170540333
2021-02-10,0.3364178231896814,0.31374555940230475
2021-02-11,0.3244248975414093,0.3138306064653546
2021-02-12,0.3119288994059244,0.3098254894034778
2021-02-16,0.30011669863785556,0.31052654217156156
2021-02-17,0.32400614489397184,0.31331222100585715
2021-02-18,0.3444273350935264,0.31485629837666756
2021-02-19,0.33206913839525193,0.29326751437689724
2021-02-22,0.3142745841123931,0.27817101432138497
2021-02-23,0.38354779596245153,0.2689854464793645
2021-02-24,0.3570856785395067,0.24263937562914928
2021-02-25,0.33692831239702553,0.2608342300265922
2021-02-26,0.4120886930178681,0.2632066831495671
2021-03-01,0.3795782380328717,0.3160406248487665
2021-03-02,0.39675601976837727,0.297326174120483
2021-03-03,0.4053267968447193,0.29862170922260295
2021-03-04,0.4195072745363195,0.298488472520772
2021-03-05,0.4076824744392969,0.3035027158644568
2021-03-08,0.38344163380126894,0.3100562108869141
2021-03-09,0.4611668815936727,0.35127852506066587
2021-03-10,0.4423905697590044,0.3505444428565105
2021-03-11,0.41872780844945107,0.3592073888685693
2021-03-12,0.39487312156687543,0.3592989742478841
2021-03-15,0.3783361060806193,0.3735060309776837
2021-03-16,0.3694961243043599,0.37754516961129597
2021-03-17,0.36366309301027727,0.374926988030406
2021-03-18,0.3521875982214911,0.3874170486610004
2021-03-19,0.4024102733286264,0.38703952183742507
2021-03-22,0.3829023169211349,0.40210209835881633
2021-03-23,0.3721644103897191,0.38969649375189575
2021-03-24,0.3598104676263807,0.3951339674008172
2021-03-25,0.36990285263222045,0.39568009372957536
2021-03-26,0.3554203298958973,0.3768287949650544
2021-03-29,0.3455610454276506,0.3767842603775782
2021-03-30,0.33676761561583285,0.3267839271013906
2021-03-31,0.33690451337847316,0.32804872594700923
2021-04-01,0.32807488617106867,0.31750273631977516
2021-04-05,0.3239878525640046,0.32119251034960833
2021-04-06,0.32100538986590677,0.3197275176942173
2021-04-07,0.3129409526111727,0.2777735042285335
2021-04-08,0.31144868332950015,0.2526395697575682
2021-04-09,0.31037931657277557,0.2544003594509068
2021-04-12,0.31044257894548494,0.2583049696094968
2021-04-13,0.3183686443097631,0.2643134087138414
2021-04-14,0.31654106651198616,0.2661608403119081
2021-04-15,0.3338333986681902,0.2696045196814548
2021-04-16,0.32689720872722106,0.2681519527263092
2021-04-19,0.31832759133911465,0.22989150019361929
2021-04-20,0.3109763499270987,0.23619594189665608
2021-04-21,0.317345408941243,0.22090432940756963
2021-04-22,0.3102779499019284,0.22445696663489412
2021-04-23,0.3138813210284619,0.2121845415303773
2021-04-26,0.31025998250000786,0.21230656065859382
2021-04-27,0.30332572793988916,0.21399067443812808
2021-04-28,0.2961644550996942,0.21707922423399345
2021-04-29,0.2916791971621433,0.20927392254847124
2021-04-30,0.2837799600807231,0.21456982650565065
2021-05-03,0.2946637480817882,0.21486488798810324
2021-05-04,0.28854466305037696,0.24266127269756257
2021-05-05,0.36431359093353033,0.2426222407375583
2021-05-06,0.33983193829148733,0.24225073386475057
2021-05-07,0.3302724670736661,0.23364571317034108
2021-05-10,0.31886229208312655,0.2385102542458792
2021-05-11,0.33968998235654807,0.23590192525519413
2021-05-12,0.32824500112033217,0.22937100601581237
2021-05-13,0.3517938014173052,0.23569308766945105
2021-05-14,0.3474224103349575,0.2369776416603493
2021-05-17,0.3428624197960554,0.23815272689975042
2021-05-18,0.33643451407244507,0.23809369241898706
2021-05-19,0.33193307233887537,0.23574943343067029
2021-05-20,0.3234514829037152,0.2491817223220145
2021-05-21,0.3235411784421677,0.25092256472842606
2021-05-24,0.3271535515288154,0.24668430017997414
2021-05-25,0.32255678614877537,0.24590296567355235
2021-05-26,0.3160515434330984,0.2460394328939985
2021-05-27,0.30991962187962124,0.24814014075451513
2021-05-28,0.3125804287669207,0.24813358878610633
2021-06-01,0.305427304273385,0.2442284967273415
2021-06-02,0.29312048716400113,0.24324733024047315
2021-06-03,0.24077483063286229,0.21440689959982456
2021-06-04,0.23839039128883166,0.22557868612065896
2021-06-07,0.2860308399624091,0.22025572909936586
2021-06-08,0.23849091330152772,0.22081314501217356
2021-06-09,0.2721446103243653,0.20174369199870726
2021-06-10,0.22830293418608363,0.2020458241393335
2021-06-11,0.2236804396769338,0.18217908974823313
2021-06-14,0.2598325696275032,0.19060590903646885
2021-06-15,0.2798300302938834,0.1814760457119984
2021-06-16,0.2734912974064024,0.17793865088199085
2021-06-17,0.25529051869750313,0.1755562232596015
2021-06-18,0.22227904792149078,0.18062031754177887
2021-06-21,0.2195509451039079,0.1731695273555563
2021-06-22,0.2214773405627857,0.16577980597871586
2021-06-23,0.2209860608581679,0.16249688009210767
2021-06-24,0.2145502270937204,0.16269428016185533
2021-06-25,0.20831253570701938,0.1632199967160322
2021-06-28,0.20159172268663816,0.15758154549817285
2021-06-29,0.2015308580986557,0.15644337260920657
2021-06-30,0.20151296029353744,0.15439799255273168
2021-07-01,0.19577968554966532,0.15448682081934556
2021-07-02,0.18869443637230568,0.15030170674606888
2021-07-06,0.20360787178502943,0.14638820843043734
2021-07-07,0.20664639046815506,0.15056037338573774
2021-07-08,0.21497297740524726,0.16022776097445104
2021-07-09,0.21154422542510773,0.16174458951971968
2021-07-12,0.21403620499088996,0.1579504421388384
2021-07-13,0.21116585098110485,0.157583470708804
2021-07-14,0.21286525319738792,0.15692392655580198
2021-07-15,0.21711183477579526,0.15504417449096428
2021-07-16,0.21174482850761672,0.17066786409772552
2021-07-19,0.20738767956228485,0.20297060360746777
2021-07-20,0.20678420391458674,0.20994555498840348
2021-07-21,0.20753125228242839,0.21054433169647227
2021-07-22,0.20301174269418196,0.2093278096391708
2021-07-23,0.20224207298048963,0.20951991493004196
2021-07-26,0.2002805657508066,0.20805996665523493
2021-07-27,0.19740888412471755,0.2183080470224225
2021-07-28,0.19965851969657541,0.22389714599099522
2021-07-29,0.20036462710366493,0.22207490857265758
2021-07-30,0.19810143406387823,0.22207698809266574
2021-08-02,0.19583484523763273,0.22283827930203653
2021-08-03,0.20496380228351754,0.2176044231933144
2021-08-04,0.2035108958523365,0.2136672246111406
2021-08-05,0.2012460306776628,0.20541193729998453
2021-08-06,0.19536371670803349,0.20322923409661797
2021-08-09,0.19455004023918848,0.1985488593039744
2021-08-10,0.19215113921502833,0.1983214981616175
2021-08-11,0.18737054671283226,0.19656419274275072
2021-08-12,0.18588234341581467,0.19189432998334494
2021-08-13,0.18884327575854493,0.1912429829232252
2021-08-16,0.1845417853351717,0.18888487008805457
2021-08-17,0.18058499964818941,0.16021082471559325
2021-08-18,0.17551789043806185,0.16601615845108558
2021-08-19,0.17621115714962315,0.16503331109934313
2021-08-20,0.17423998449591782,0.16540549815376987
2021-08-23,0.1744490979092487,0.16401920696148678
2021-08-24,0.1722420726047181,0.16380743322207403
2021-08-25,0.16808649596099137,0.1575550813466865
2021-08-26,0.16813497971193941,0.15227314360443953
2021-08-27,0.16722351559102777,0.1533270061817479
2021-08-30,0.1675847527066106,0.18321847968237243
2021-08-31,0.18756525930951704,0.18640771584286417
2021-09-01,0.18618080853166225,0.18275046950161616
2021-09-02,0.18305660625252831,0.18301809712724476
2021-09-03,0.1825732970927026,0.18306780662071956
2021-09-07,0.1697263473308612,0.18644324930475856
2021-09-08,0.1745955532351478,0.19187356323535842
2021-09-09,0.17569275419693986,0.19359434550606344
2021-09-10,0.17820120244377982,0.23101414252906843
2021-09-13,0.18760900776133785,0.22019687618188316
2021-09-14,0.18350415536621587,0.22273411971934784
2021-09-15,0.18357181703061992,0.21842891323693414
2021-09-16,0.17892119505134407,0.21754892107447665
2021-09-17,0.17802709971787806,0.2080641521017005
2021-09-20,0.17890214163169618,0.22067046989789635
2021-09-21,0.18503531827962905,0.21753441982750246
2021-09-22,0.18158267866720015,0.2230841302822026
2021-09-23,0.18514646639344004,0.22477512152866083
2021-09-24,0.1836368421372674,0.22312092405010617
2021-09-27,0.1792408763014252,0.22525240927953477
2021-09-28,0.18255787871912188,0.23719802473408413
2021-09-29,0.1854961302802295,0.20939448082898965
2021-09-30,0.1839262634330778,0.2096944901507965
2021-10-01,0.18337034913089822,0.2117649856587249
2021-10-04,0.18265120202798887,0.2207772698501958
2021-10-05,0.19003336719559197,0.22830151850483782
2021-10-06,0.19051964090707726,0.22049821298329506
2021-10-07,0.1883772897726748,0.2245004924060771
2021-10-08,0.18753028078879444,0.22426516273776465
2021-10-11,0.18577676049039693,0.1958338257883508
2021-10-12,0.1836169492032097,0.19609203826981356
2021-10-13,0.18599991700666027,0.1945623315772657
2021-10-14,0.18644414241449303,0.20772612407921154
2021-10-15,0.18470613909027014,0.21015843623227923
2021-10-18,0.1803408788499842,0.20496105089134584
2021-10-19,0.1795263805427387,0.19495707550364647
2021-10-20,0.18101500952439847,0.1949507522880234
2021-10-21,0.17894145482846882,0.18733817933950897
2021-10-22,0.1771308150376038,0.18748837155955944
2021-10-25,0.17596478691598216,0.18751635160763247
2021-10-26,0.1745197489787243,0.18345992026098423
2021-10-27,0.17367002506831325,0.15979588103423825
2021-10-28,0.1966574247208126,0.17732117501784875
2021-10-29,0.17800010639164204,0.1877010151273033
2021-11-01,0.18032438034553286,0.1887588585976845
2021-11-02,0.18253235030263357,0.16175846492110063
2021-11-03,0.182906356621524,0.15890688626249688
2021-11-04,0.18069600157491364,0.16026425254778764
2021-11-05,0.1788188664633719,0.15874140996263858
2021-11-08,0.185820293552149,0.16025313050379278
2021-11-09,0.17797100645918565,0.1598454299691896
2021-11-10,0.1736904003992792,0.17273436753062218
2021-11-11,0.17305268311470226,0.17142694913498732
2021-11-12,0.18131376714018654,0.1649647413821828
2021-11-15,0.1832212755535299,0.16390607995013393
2021-11-16,0.1740974559999265,0.1609133029755976
2021-11-17,0.17027984944021177,0.16244217616622122
2021-11-18,0.1741551265985902,0.1867565059819583
2021-11-19,0.191988568989613,0.1929218868450339
2021-11-22,0.1848272583220103,0.1902967165451903
2021-11-23,0.18190686411607326,0.18976921195222504
2021-11-24,0.18959940378931342,0.18977281317206143
2021-11-26,0.1810258022872929,0.2265335707410933
2021-11-29,0.19326166956463844,0.22300094519424085
2021-11-30,0.19730723596924768,0.230690528883841
2021-12-01,0.22993172506735501,0.2294711103826859
2021-12-02,0.23369200190755152,0.23242301520538755
2021-12-03,0.22334261943163936,0.2379072680256513
2021-12-06,0.21481475678535192,0.2444814105666143
2021-12-07,0.2175396713104642,0.26617404734974576
2021-12-08,0.24761068828871174,0.26872307234873044
2021-12-09,0.25371196052196915,0.27058885328308613
2021-12-10,0.24494198409889503,0.2618206300233857
2021-12-13,0.2608667642452977,0.28028530405769964
2021-12-14,0.2604675501985819,0.28485949710095126
2021-12-15,0.25051915150229975,0.2925211772400534
2021-12-16,0.28326199363839066,0.3375184038661861
2021-12-17,0.310905679892476,0.33821092181307016
2021-12-20,0.29662459653883755,0.3304535786871142
2021-12-21,0.285712016746005,0.3315873747686536
2021-12-22,0.28602970094518176,0.3340127555100757
2021-12-23,0.2862164905341406,0.3339603872899005
2021-12-27,0.2757343428140051,0.34001923657443756
2021-12-28,0.28135769192711446,0.3148822268563656
2021-12-29,0.27566722477310895,0.3104586540868492
2021-12-30,0.26720957058503547,0.29833833142979643
2021-12-31,0.25974277250182326,0.29843523752261936
2022-01-03,0.25296584967069846,0.3048477613036964
2022-01-04,0.2624448816139435,0.305546561710977
2022-01-05,0.25732776248407374,0.3185547100559547
2022-01-06,0.2627775514041069,0.3027508825526201
2022-01-07,0.264640173572235,0.29175554250190955
2022-01-10,0.25661705640044996,0.2916614839536616
2022-01-11,0.25102786057906074,0.2805116009577318
2022-01-12,0.2507841628897143,0.27135692628869496
2022-01-13,0.24521911898642773,0.27816648467334304
2022-01-14,0.24283047014958065,0.2590151302731538
2022-01-18,0.23752674859205136,0.22821867982666397
2022-01-19,0.23353531776060812,0.23843749093505232
2022-01-20,0.23814378275992895,0.23936593335601927
2022-01-21,0.24176110467090633,0.2303731600557241
2022-01-24,0.23860619707436068,0.22067333428416155
2022-01-25,0.2351741462880126,0.22031622405697862
2022-01-26,0.23078394422304863,0.19741291703957214
2022-01-27,0.22388764959181362,0.1976580733970955
2022-01-28,0.2168606467700006,0.32130769639480106
2022-01-31,0.3298147331385823,0.33534051526524106
2022-02-01,0.3383937571226451,0.3352057856643415
2022-02-02,0.3136406897421292,0.3236582954237483
2022-02-03,0.2977329750019182,0.325732899542329
2022-02-04,0.29857297644375325,0.3126755141023775
2022-02-07,0.28558097616125916,0.3074538564894748
2022-02-08,0.2766358859562108,0.31395753146355937
2022-02-09,0.27774388559389823,0.31500268181516217
2022-02-10,0.2706769886755023,0.3211551133781742
2022-02-11,0.2737453173360414,0.327966209339294
2022-02-14,0.27154100146670596,0.32193402387550335
2022-02-15,0.2639174509767466,0.3318316529506157
2022-02-16,0.26984887108469563,0.32461002148545576
2022-02-17,0.2618407527146899,0.32482504372970045
2022-02-18,0.25813966275150635,0.32440781249898265
2022-02-22,0.25390040202587055,0.3276069599316076
2022-02-23,0.2486661893259946,0.34020254453214527
2022-02-24,0.24603942724224456,0.3425562594773677
2022-02-25,0.248164926832674,0.3449732555812123
2022-02-28,0.24520482012608127,0.34458130970740514
2022-03-01,0.24787247473255186,0.2509048932969025
2022-03-02,0.24362920045098072,0.24396405236024452
2022-03-03,0.2492302287498188,0.24392340229535692
2022-03-04,0.243586567164183,0.24771425710133627
2022-03-07,0.23950515888663218,0.25373075913850834
2022-03-08,0.2422181394502117,0.25504318047204455
2022-03-09,0.2486482127497908,0.28816709076341573
2022-03-10,0.2725563409678081,0.29028598229236785
2022-03-11,0.2737088264741209,0.293833687763908
2022-03-14,0.2712104892725558,0.2963152407967199
2022-03-15,0.27656922767152775,0.3159044314149713
2022-03-16,0.29731459411499855,0.33521153838836176
2022-03-17,0.31218595544511035,0.3240488349054429
2022-03-18,0.3108372889581171,0.3347050729717724
2022-03-21,0.3130335336180674,0.3292545046561636
2022-03-22,0.31116468879092846,0.335930828378028
2022-03-23,0.31596333701875906,0.33004784727589864
2022-03-24,0.31154624314822255,0.3211567504187165
2022-03-25,0.317703024503853,0.3178985389144247
2022-03-28,0.30917074124749744,0.31610017244491745
2022-03-29,0.29942683184026964,0.32081034191360375
2022-03-30,0.3000378681606387,0.3182075817605948
2022-03-31,0.2971490925789019,0.32113454322319246
2022-04-01,0.2917567406517536,0.32109204707713884
2022-04-04,0.2949072044701315,0.3197025827275308
2022-04-05,0.29740537950807344,0.31467439170400907
2022-04-06,0.29550350706720097,0.3200032999098113
2022-04-07,0.29951530608925303,0.30052804287841306
2022-04-08,0.30174719793393007,0.28527490730928
2022-04-11,0.29488993671809066,0.2873300206083563
2022-04-12,0.29682955575366066,0.266511281989408
2022-04-13,0.29515625441462984,0.25521958428446534
2022-04-14,0.2944592444917441,0.26662371319545414
2022-04-18,0.2965402280410962,0.26623284860707913
2022-04-19,0.2949107941594804,0.26104992393014426
2022-04-20,0.29506326092483354,0.25967441581495665
2022-04-21,0.29299106623918864,0.2496774808829358
2022-04-22,0.2882807745377736,0.2647667569468772
2022-04-25,0.29058490944171655,0.25145329066756067
2022-04-26,0.28818286381409186,0.27732964375267716
2022-04-27,0.28645918724153757,0.2752318461389604
2022-04-28,0.27856370417268805,0.31447224243643895
2022-04-29,0.31068423174993753,0.3346691375886141
2022-05-02,0.3200604076675831,0.33261012406009344
2022-05-03,0.3154484055099061,0.3361988231538111
2022-05-04,0.30927511801632845,0.35790078664046726
2022-05-05,0.3324781962208301,0.40088950327684814
2022-05-06,0.3715972770940596,0.3992321613268529
2022-05-09,0.3642536586175614,0.4113742576525064
2022-05-10,0.3720880551806947,0.4174722401553465
2022-05-11,0.3706195629740492,0.4449854495515411
2022-05-12,0.40714265925050896,0.4462681731701393
2022-05-13,0.40377058704670277,0.4594289880453027
2022-05-16,0.393736565439417,0.4517239911365307
2022-05-17,0.3866169653780716,0.4642676448451999
2022-05-18,0.38520218289863406,0.4938122299997122
2022-05-19,0.450436766349668,0.49640064629148906
2022-05-20,0.4354140893765567,0.4976709734318989
2022-05-23,0.41602647718142116,0.5193310834745024
2022-05-24,0.422450633090997,0.5192995290748003
2022-05-25,0.42356014745702525,0.5074046461465845
2022-05-26,0.41740991808042793,0.5165941750859626
2022-05-27,0.4121786189355631,0.5118252431710123
2022-05-31,0.4213260776066661,0.4975577674308708
2022-06-01,0.4176063689335216,0.4973218489026694
2022-06-02,0.4132311750883894,0.5001465698396604
2022-06-03,0.4075762400762962,0.4904494621046396
2022-06-06,0.41533888638184013,0.45494946632205135
2022-06-07,0.41253146327883145,0.4598697150745522
2022-06-08,0.41078810865338905,0.4459633330917397
2022-06-09,0.4086622448206893,0.45735550654967727
2022-06-10,0.4237575657994035,0.44072137047669696
2022-06-13,0.4414787922446299,0.45061586048879854
2022-06-14,0.4395903701149799,0.4341576501462824
2022-06-15,0.4348024204331619,0.4418691661523551
2022-06-16,0.43365363225124814,0.44686524528675836
2022-06-17,0.4490069672686733,0.4091811881376176
2022-06-21,0.44262166930055474,0.418788828880122
2022-06-22,0.43964854912223633,0.4188552397079786
2022-06-23,0.4312620931049231,0.40141729917170443
2022-06-24,0.4306583702465113,0.40551648691520076
2022-06-27,0.43084094652695526,0.4055108967878281
2022-06-28,0.4262744480805273,0.41006663459487064
2022-06-29,0.4307464503405029,0.38504214462584413
2022-06-30,0.42452118758035146,0.38840235932696066
2022-07-01,0.42263461956293097,0.3945103188200269
2022-07-05,0.41812227754975684,0.39589779439055073
2022-07-06,0.41188877654853967,0.3752895282189963
2022-07-07,0.40482026621415984,0.3843957873930415
2022-07-08,0.40233206381475134,0.37965024997499575
2022-07-11,0.39736562717634155,0.3826312886707305
2022-07-12,0.3931616622274455,0.3606439533932178
2022-07-13,0.38688585164489564,0.3298315209975885
2022-07-14,0.29504711247268794,0.29739634133996795
2022-07-15,0.37974197954023536,0.298050053303573
2022-07-18,0.2868839126902941,0.30716787590470873
2022-07-19,0.30262596093427024,0.27055036984552105
2022-07-20,0.3792369792073704,0.2710306819867266
2022-07-21,0.3876595598825015,0.2571876099785062
2022-07-22,0.38691355795620114,0.25976447867261543
2022-07-25,0.38701739018126735,0.25770576294914344
2022-07-26,0.298478842110111,0.2517137479174543
2022-07-27,0.27970844918919474,0.2724295268301237
2022-07-28,0.3910855890870727,0.24093830174397823
2022-07-29,0.2882257961778243,0.25631699023192517
2022-08-01,0.3928045114844435,0.24431872158109819
2022-08-02,0.29597588910676625,0.24946928141189867
2022-08-03,0.28108654799227395,0.26862518421884385
2022-08-04,0.3926471741410357,0.2705215118460348
2022-08-05,0.39035473495766454,0.26498439307423577
2022-08-08,0.28368735757591684,0.2667155482335374
2022-08-09,0.26700017241079377,0.2571111243373092
2022-08-10,0.2538983513919806,0.26595852382994595
2022-08-11,0.26417705546209386,0.266910935198004
2022-08-12,0.2527651192497288,0.2675058528057604
2022-08-15,0.26064612696977746,0.26705856093072733
2022-08-16,0.250080215551805,0.24932960474082513
2022-08-17,0.24162119297443294,0.24009910318599248
2022-08-18,0.23564681876279236,0.24094778333268344
2022-08-19,0.22806128842059503,0.24966215818522242
2022-08-22,0.23948212109564962,0.26461925139577835
2022-08-23,0.2664983460440392,0.26231893331600703
2022-08-24,0.26069791666463515,0.25813537866995995
2022-08-25,0.25479875058200774,0.23916405972817886
2022-08-26,0.2514574282753424,0.2806121199139836
2022-08-29,0.31936337863719305,0.26264486952815824
2022-08-30,0.31691361173166666,0.2671823069910515
2022-08-31,0.31168617976408786,0.26777680702978657
2022-09-01,0.30715448841674614,0.23009892986462135
2022-09-02,0.2979558876388674,0.23342881389179987
2022-09-06,0.2972534741168482,0.23407956621510492
2022-09-07,0.2911499528493439,0.23801674850286786
2022-09-08,0.28325401347893936,0.23896341178771785
2022-09-09,0.27910955362039114,0.2290675379978081
2022-09-12,0.2763920552695265,0.2698653454837853
2022-09-13,0.28340225603865554,0.3259608595480865
2022-09-14,0.4060632540018027,0.3275849956891031
2022-09-15,0.38758651030835356,0.33064580255730847
2022-09-16,0.38496159531712926,0.3265616497858343
2022-09-19,0.3744079536797611,0.3444439349136006
2022-09-20,0.36631686916680134,0.3501782280793871
2022-09-21,0.3569868058409327,0.34837461363862854
2022-09-22,0.360072294312404,0.34837481869685943
2022-09-23,0.3508210803287033,0.3496061341659193
2022-09-26,0.3486987197546326,0.34323097817452314
2022-09-27,0.3400809151187418,0.32405983811204614
2022-09-28,0.33262288973088855,0.3236626225533783
2022-09-29,0.33276296807292444,0.36038844597647934
2022-09-30,0.3934379224262293,0.37058197694564166
2022-10-03,0.40826191934578915,0.39010258659154107
2022-10-04,0.39990987648562104,0.4022480665997506
2022-10-05,0.3950370130381178,0.40215767115514145
2022-10-06,0.38192159736106174,0.40004874153751774
2022-10-07,0.37176125321727277,0.41678093567847924
2022-10-10,0.4000953959511758,0.40904243371185944
2022-10-11,0.38700434566585884,0.37775763005549584
2022-10-12,0.3781498264966074,0.32539717888360753
2022-10-13,0.3683164300626552,0.34811490010168683
2022-10-14,0.3612230658907924,0.3586737823040492
2022-10-17,0.3809184274459729,0.37569145918705055
2022-10-18,0.3723742071814488,0.3651408099668707
2022-10-19,0.3624292866216735,0.35900274381605535
2022-10-20,0.3533026002297904,0.3540464267168325
2022-10-21,0.3444647184627987,0.3686746476420152
2022-10-24,0.3379093545340893,0.36944240646499876
2022-10-25,0.33057169811813475,0.37550878514843783
2022-10-26,0.32421949370561287,0.38122003210235567
2022-10-27,0.32896262072765986,0.3934442790403907
2022-10-28,0.3486132009185262,0.4308445603482833
2022-10-31,0.3519369964620431,0.41858307872732425
2022-11-01,0.3516070761273996,0.41497404336695715
2022-11-02,0.3525592439849783,0.4291819748352979
2022-11-03,0.3852777287543553,0.45405413880770595
2022-11-04,0.4272014024839128,0.4538064373061201
2022-11-07,0.41081944358429817,0.43572353745559733
2022-11-08,0.39687013548345007,0.43590900315520287
2022-11-09,0.38495149830781233,0.4500720808803459
2022-11-10,0.4042250868848087,0.5404191352495351
2022-11-11,0.41335503353362985,0.5327143901533488
2022-11-14,0.40022926200605535,0.5193729402585624
2022-11-15,0.39039814132651224,0.5122336941300828
2022-11-16,0.37893056915087264,0.5129494980389138
2022-11-17,0.3702484650378117,0.514382170565426
2022-11-18,0.3600698875146619,0.5139999142284579
2022-11-21,0.34985428931897133,0.5129081726344646
2022-11-22,0.35861091198373735,0.5128591209042443
2022-11-23,0.3491414730686184,0.508763965328852
2022-11-25,0.3392798136299247,0.5087473689305705
2022-11-28,0.3450498732080548,0.5056797351461898
2022-11-29,0.3624693116896458,0.4347832840708559
2022-11-30,0.368325798218451,0.46827896331805796
2022-12-01,0.36220857658890954,0.4646962837434409
2022-12-02,0.3520336910474173,0.4446752610930204
2022-12-05,0.3424172918616626,0.4162515705875004
2022-12-06,0.3353771740669638,0.42754455411099485
2022-12-07,0.352858331065642,0.4307300560273239
2022-12-08,0.350834336190682,0.4323979157940544
2022-12-09,0.3415221668778653,0.4140030583061813
2022-12-12,0.33197356264278405,0.2910132594682404
2022-12-13,0.3242762630419894,0.2834468330262492
2022-12-14,0.31748364328220374,0.28644970973306166
2022-12-15,0.31981297536229175,0.323532963833869
2022-12-16,0.39830781441765933,0.32522001896371444
2022-12-19,0.39665368449032595,0.3207986911389077
2022-12-20,0.39245606377185766,0.31945920632974306
2022-12-21,0.37971046155363364,0.33023176741323435
2022-12-22,0.3695647079018408,0.3296572544740694
2022-12-23,0.3791787332113033,0.32704251029488884
2022-12-27,0.36803324575080193,0.32467265561289577
2022-12-28,0.364898647170997,0.32863656222990073
2022-12-29,0.38713941395420015,0.3443663023757489
2022-12-30,0.3767699734736387,0.29063608523002005
2023-01-03,0.3656242707444802,0.3090525545556854
2023-01-04,0.4041427711062693,0.31523683059734076
2023-01-05,0.39058223296427846,0.31542810429109835
2023-01-06,0.38232939173788527,0.3422883398792606
2023-01-09,0.37539855314857934,0.34183872423888856
2023-01-10,0.364968465976892,0.3383902331522479
2023-01-11,0.3542945849088592,0.34935875964419766
2023-01-12,0.3451413025047212,0.3424654204031492
2023-01-13,0.3362434730340703,0.3439394821943934
2023-01-17,0.32727880468491816,0.3435743385760355
2023-01-18,0.3194641445043877,0.3016089769688959
2023-01-19,0.31186811330537095,0.2971327776565138
2023-01-20,0.30415398979277275,0.2977227003127772
2023-01-23,0.29988514645036457,0.30648754376875925
2023-01-24,0.29646735556612885,0.29859241754677973
2023-01-25,0.28995028271486,0.2841404830609167
2023-01-26,0.2825617569918678,0.28582861410040233
2023-01-27,0.2769613578009361,0.2796505912559022
2023-01-30,0.2699504135170211,0.2637639918669612
2023-01-31,0.2929629778722026,0.251820247903391
2023-02-01,0.2856523974355924,0.25180123832119816
2023-02-02,0.2807490838056715,0.21993386370684778
2023-02-03,0.28421486811339247,0.2261441388020996
2023-02-06,0.283724137297997,0.23578096049130887
2023-02-07,0.2979716052806181,0.21797217687001913
2023-02-08,0.2942398142280368,0.2359015727357057
2023-02-09,0.30649444680240406,0.24091733539104088
2023-02-10,0.30218398194375146,0.23576153973484343
2023-02-13,0.2957938466651239,0.23843248413118398
2023-02-14,0.29145088240527334,0.2411403600943985
2023-02-15,0.28679443245052605,0.24245637116468133
2023-02-16,0.28246297506326973,0.2461998137298422
2023-02-17,0.28416215855200944,0.25009016563158326
2023-02-21,0.2820774038171763,0.2695368173192701
2023-02-22,0.32017292676049314,0.25991395298525677
2023-02-23,0.31047863559748284,0.2585489083006913
2023-02-24,0.3023247060587791,0.26721434794211496
2023-02-27,0.31457026625863155,0.2641606257365155
2023-02-28,0.30561887963976003,0.2607977718883188
2023-03-01,0.29808332735904897,0.25558248420784574
2023-03-02,0.3017781319419609,0.2541817531152944
2023-03-03,0.2939721497595834,0.27925723009665615
2023-03-06,0.2926754129845981,0.2573016657787566
2023-03-07,0.2879443952447586,0.24831043079714618
2023-03-08,0.2940614091816197,0.24195925132886364
2023-03-09,0.28774945939467156,0.23766071005979247
2023-03-10,0.29430469869121767,0.23463448606668155
2023-03-13,0.29808513539738546,0.23854927610743268
2023-03-14,0.2915225829067798,0.24337637091236472
2023-03-15,0.28600103212220096,0.23450028688178398
2023-03-16,0.28038522934183413,0.2427535940913145
2023-03-17,0.2770243512491447,0.23890943854741442
2023-03-20,0.27371485707583976,0.24152148181831032
2023-03-21,0.2697487926723122,0.24208512925118464
2023-03-22,0.2658383545061941,0.22209382501433625
2023-03-23,0.26529714109018687,0.22253354931214084
2023-03-24,0.26012948934045177,0.22325465178949244
2023-03-27,0.2546755859853544,0.21703181462601678
2023-03-28,0.25888943133782794,0.2178882654919083
2023-03-29,0.2524126459736411,0.22379252654865797
2023-03-30,0.25117403926041115,0.2141026246654388
2023-03-31,0.24585310036629193,0.21694715577130763
2023-04-03,0.24320572777619348,0.19059474105442978
2023-04-04,0.23758644635273427,0.18549006822697725
2023-04-05,0.22977457675824603,0.18179631922922757
2023-04-06,0.23186456769978891,0.18113959325304657
2023-04-10,0.2242136319306452,0.18255949415620715
2023-04-11,0.23683071201297604,0.17611312404088877
2023-04-12,0.23124482928632248,0.1748075752734907
2023-04-13,0.22288768347439442,0.20143797750058776
2023-04-14,0.23939335103793474,0.20247799096006439
2023-04-17,0.2321333998069896,0.19536821417601646
2023-04-18,0.22466182599458542,0.19361749737793107
2023-04-19,0.21874119069440853,0.18920745147822463
2023-04-20,0.21256669730690164,0.1887004960293286
2023-04-21,0.20773325688223837,0.18923057038948543
2023-04-24,0.20967196615373493,0.1884153407434334
2023-04-25,0.20252147201067316,0.19084742080936992
2023-04-26,0.20180703145307868,0.18461619458030068
2023-04-27,0.19406139590447077,0.204549632738061
2023-04-28,0.21223814635114688,0.19642406627870815
2023-05-01,0.20936759490360488,0.19486507388066582
2023-05-02,0.20102973170997898,0.1904603523649532
2023-05-03,0.19307810194974886,0.19056376037097839
2023-05-04,0.1913285596156993,0.1935625966851452
2023-05-05,0.19687957008901166,0.24558162752528143
2023-05-08,0.22570258233512294,0.2456092775411824
2023-05-09,0.2124116141150676,0.24066363489994916
2023-05-10,0.2161440904367974,0.23892969987124224
2023-05-11,0.21155498836747696,0.2373704884839184
2023-05-12,0.20556454472400174,0.21321676356417105
2023-05-15,0.19215618770072587,0.21342686300148722
2023-05-16,0.18136695506186545,0.21344072003741063
2023-05-17,0.16783983245035103,0.21260730388765212
2023-05-18,0.15650948526623598,0.2158389202285245
2023-05-19,0.16894594624698947,0.21397368479316092
2023-05-22,0.14720887750244213,0.2113542689154542
2023-05-23,0.14459225265321227,0.22029661652812751
2023-05-24,0.17101673787845498,0.21643920173727033
2023-05-25,0.16019859688019356,0.21674770962477496
2023-05-26,0.15398785039029234,0.2009965155942427
2023-05-30,0.16258084465049272,0.20234306976437746
2023-05-31,0.16336841794179796,0.20230330852242412
2023-06-01,0.1535248884939707,0.20523732929966387
2023-06-02,0.1635224652968781,0.20220855248404862
2023-06-05,0.15746640961310812,0.20034534771388346
2023-06-06,0.15831901193298537,0.13034359129478426
2023-06-07,0.14926317485986973,0.13421685284928767
2023-06-08,0.1507633515149947,0.13615983141358315
2023-06-09,0.1589334436211205,0.13307645298155032
2023-06-12,0.1520582673477914,0.14091463601889023
2023-06-13,0.15857129186927413,0.13918309130947853
2023-06-14,0.152993421197301,0.1375926196710843
2023-06-15,0.15105816830336746,0.13974199078247554
2023-06-16,0.15153552965430753,0.1436378434300658
2023-06-20,0.14930262043392642,0.13887134758988526
2023-06-21,0.1534459740511327,0.14171852727354486
2023-06-22,0.14876973538445937,0.14667525964372785
2023-06-23,0.159517780144085,0.1317132162913979
2023-06-26,0.150929893866392,0.1375568008727413
2023-06-27,0.1527551893904784,0.1427856960149351
2023-06-28,0.15825112332059524,0.13839562365184566
2023-06-29,0.15279176862761962,0.1361335377701589
2023-06-30,0.15582714361545735,0.15140639233970554
2023-07-03,0.16528314303937952,0.15078918399154737
2023-07-05,0.16939217757356348,0.15384894215508846
2023-07-06,0.16724450339902583,0.1492754352137659
2023-07-07,0.1620227824172862,0.15154103910296546
2023-07-10,0.1590887610814927,0.15469001945844804
2023-07-11,0.16857560055746473,0.14881902052280419
2023-07-12,0.1620932697790817,0.1507884205174073
2023-07-13,0.16048446403141273,0.1431256378154328
2023-07-14,0.15438150902477388,0.14231090407749092
2023-07-17,0.14753325253138028,0.15181821605727597
2023-07-18,0.15306929425999527,0.14903362194800232
2023-07-19,0.14770469303859324,0.14720931494273365
2023-07-20,0.14653479701066516,0.1535623887361022
2023-07-21,0.15502856284807234,0.15388196097689127
2023-07-24,0.15404095477299604,0.1450857179945933
2023-07-25,0.1498162682781547,0.14498049864716603
2023-07-26,0.14532105739910467,0.14119287071551645
2023-07-27,0.14099194453363173,0.13655914622630896
2023-07-28,0.1411922162130798,0.1419652680053228
2023-07-31,0.14495596546771514,0.1420644148751643
2023-08-01,0.14028950386709893,0.12064935003863976
2023-08-02,0.1394518101124004,0.12999913822518283
2023-08-03,0.15942312305463763,0.1309314925983826
2023-08-04,0.15955088063539316,0.21429214051148737
2023-08-07,0.30217372584191393,0.2202127213093582
2023-08-08,0.30678046579008184,0.2200783519785102
2023-08-09,0.29096455915855907,0.22130615718776928
2023-08-10,0.28174306695909973,0.21740575374961219
2023-08-11,0.2679800237207223,0.2162542134653284
2023-08-14,0.2595421760670274,0.22025715578023394
2023-08-15,0.25006770604825607,0.20950864713368117
2023-08-16,0.24969621421117041,0.20926625485731853
2023-08-17,0.24002427598357565,0.2078740085073362
2023-08-18,0.24115562165280888,0.20897809727212355
2023-08-21,0.23072913281139884,0.21328895574543463
2023-08-22,0.22145807311282015,0.21545528458382565
2023-08-23,0.21479700179712435,0.23158759412167676
2023-08-24,0.22040884352507698,0.24335054453802638
2023-08-25,0.24342392651640465,0.25031359904388395
2023-08-28,0.23683809507198944,0.24683123959491116
2023-08-29,0.230155051874812,0.26128765715175517
2023-08-30,0.23800961807218304,0.27208782113583463
2023-08-31,0.235539001404776,0.26761689980264836
2023-09-01,0.2290438704229929,0.2685651305880162
2023-09-05,0.22315312528537232,0.2014132022607611
2023-09-06,0.21596567998478847,0.232920885518737
2023-09-07,0.26041314894501894,0.25547353287417207
2023-09-08,0.2883380516752738,0.2539182227944182
2023-09-11,0.2766357409304956,0.25486305550526034
2023-09-12,0.26654894245985356,0.26209185014173353
2023-09-13,0.270723191018169,0.2624811117531281
2023-09-14,0.27079715997107157,0.2621715051814391
2023-09-15,0.2858816222942999,0.2620111071728785
2023-09-18,0.27525066789836455,0.26311085944807827
2023-09-19,0.2706952266780095,0.26364499843591277
2023-09-20,0.2615485783396701,0.27257902814083146
2023-09-21,0.27146468560609166,0.2726043639823534
2023-09-22,0.2655037148632893,0.2610225650951949
2023-09-25,0.25849220933017525,0.2463952651243399
2023-09-26,0.24983986362824062,0.2547997949746979
2023-09-27,0.2629153098493257,0.25289357047081157
2023-09-28,0.2564197418241041,0.23777683278652403
2023-09-29,0.24755126958676743,0.22474005159326343
2023-10-02,0.23987904867901486,0.2336760316494338
2023-10-03,0.24184173038005619,0.22977515429377182
2023-10-04,0.2391027288369634,0.23260294198572434
2023-10-05,0.2357639645608389,0.2037031732855387
2023-10-06,0.23173003990754848,0.18518368318352435
2023-10-09,0.22735871417318412,0.18713639685137767
2023-10-10,0.22213002534263127,0.18603186628714677
2023-10-11,0.21982422171439928,0.17732390773146825
2023-10-12,0.21507933276608235,0.17146319089004405
2023-10-13,0.2105554331431386,0.1743716162686867
2023-10-16,0.20916440603313657,0.17353498603532364
2023-10-17,0.20656786368699356,0.16674021684460547
2023-10-18,0.20600042949182337,0.16682938107576623
2023-10-19,0.20485538890705743,0.1514962883955418
2023-10-20,0.20085948306998105,0.15712873351960585
2023-10-23,0.2027949407587383,0.15603663514169935
2023-10-24,0.19887051012832965,0.1538638438579257
2023-10-25,0.19619297784341988,0.13804865174883332
2023-10-26,0.19775031367710488,0.16006948944692076
2023-10-27,0.21012673793966435,0.16286103647819622
2023-10-30,0.2068274488697492,0.16852836138945684
2023-10-31,0.2051209538420723,0.16002160835255982
2023-11-01,0.20469191001283443,0.17121162577028276
2023-11-02,0.20363881504925813,0.18352920753596103
2023-11-03,0.2029203772842288,0.18333983721142189
2023-11-06,0.2021910014217687,0.18320091645593575
2023-11-07,0.20308117921037783,0.1875454840743526
2023-11-08,0.20032206074200998,0.1877240586104976
2023-11-09,0.1969563577918167,0.18653174330064506
2023-11-10,0.1938755656617139,0.20151927815420975
2023-11-13,0.1946556274880958,0.2003222522812003
2023-11-14,0.2002796703195461,0.2047313697652187
2023-11-15,0.19857119510147578,0.20067139532687694
2023-11-16,0.19545497445400523,0.1980791973843444
2023-11-17,0.1928115599599931,0.19744180727185076
2023-11-20,0.18980261578355612,0.1861659162449293
2023-11-21,0.1874678357271905,0.18834910513633565
2023-11-22,0.18501108352241874,0.18823994472006675
2023-11-24,0.18331380341062603,0.18145110328044073
2023-11-27,0.18225063231433228,0.14739145975350773
2023-11-28,0.1795324633166199,0.14759335552723415
2023-11-29,0.17765650876494293,0.1507801605889451
2023-11-30,0.17721092580953557,0.15073567493117856
2023-12-01,0.17553791823174839,0.1428201051243367
2023-12-04,0.1754591693502391,0.13843839871067296
2023-12-05,0.17572037241535532,0.14775519749926536
2023-12-06,0.17552623848465915,0.14689525970870454
2023-12-07,0.17408115755592685,0.14360717991931685
2023-12-08,0.17360981883693155,0.14405555524859318
2023-12-11,0.17190475634163455,0.15360359541958613
2023-12-12,0.17489593837784065,0.13661566246214352
2023-12-13,0.17292881330321733,0.13957883057799197
2023-12-14,0.17287616219230031,0.13399448484784565
2023-12-15,0.1706887003428686,0.135260267329603
2023-12-18,0.16903301972087642,0.13803141115129045
2023-12-19,0.171726534181573,0.13851022332399837
2023-12-20,0.16997339756124677,0.14224180158174243
2023-12-21,0.17164986023690404,0.14118651196159512
2023-12-22,0.16913191171475747,0.14264422405502283
2023-12-26,0.1684087483315514,0.14055819971772437
2023-12-27,0.167525917673903,0.14042463761156276
2023-12-28,0.1649284010330466,0.1402562362774193
2023-12-29,0.1629064145453866,0.1402643677860888
2024-01-02,0.163880207696139,0.1901008296596772
2024-01-03,0.1947514480769194,0.18909521348410313
2024-01-04,0.19354382356536387,0.19111072676863228
2024-01-05,0.19222674862443495,0.1722577293101318
2024-01-08,0.19075721725554234,0.19557187914321245
2024-01-09,0.1930142759422172,0.19081053362631736
2024-01-10,0.19344536539291962,0.18979672840418368
2024-01-11,0.19083928515722332,0.1858733531478781
2024-01-12,0.18857489666366992,0.1829975043007249
2024-01-16,0.18806713202914221,0.172810126069576
2024-01-17,0.18872484331273762,0.17215656394099177
2024-01-18,0.1872332267114895,0.21247658187534937
2024-01-19,0.19012146952922646,0.21956245776493657
2024-01-22,0.18894418891481615,0.22325521387736794
2024-01-23,0.18726300623344502,0.22153827105632734
2024-01-24,0.1858443273281624,0.2218707317709541
2024-01-25,0.18495072225158612,0.22106188775433505
2024-01-26,0.1826176529520107,0.22315450494613487
2024-01-29,0.1825164952024735,0.22345223874287848
2024-01-30,0.18086296082050943,0.23270982894905645
2024-01-31,0.19084035457276363,0.24079988120194815
2024-02-01,0.2000220587793676,0.21108002349311938
2024-02-02,0.198651031737507,0.21022377938518738
2024-02-05,0.19664047922250838,0.2068941424697881
2024-02-06,0.19566643648643492,0.2072775258875462
2024-02-07,0.19277125763063116,0.19151743942180363
2024-02-08,0.19181014089667436,0.19264713773716205
2024-02-09,0.19111149104642725,0.19222602145161347
2024-02-12,0.1893858427870025,0.1947753979155629
2024-02-13,0.18912876578641663,0.19891240365836066
2024-02-14,0.1901681262754699,0.19473264268593873
2024-02-15,0.18911274543461704,0.19387499766513588
2024-02-16,0.18592804501434543,0.15791406065190464
2024-02-20,0.18611251740883286,0.1454629125700048
2024-02-21,0.18407600942967337,0.13785169936202285
2024-02-22,0.18136016156864587,0.14262111963379695
2024-02-23,0.18135111344831178,0.14492017176422822
2024-02-26,0.1818242191879573,0.14566440905415157
2024-02-27,0.18080749307692262,0.14910380414628638
2024-02-28,0.1795182605034857,0.14977907183418387
2024-02-29,0.17847251025466143,0.136816484009751
2024-03-01,0.17615746088890702,0.12196632360152873
2024-03-04,0.175544710889098,0.13755818266355296
2024-03-05,0.19541628343532222,0.1640739629556844
2024-03-06,0.22638815881985927,0.15607438552959685
2024-03-07,0.18795069678011017,0.14911226794893534
2024-03-08,0.18443550938955844,0.15739877546266157
2024-03-11,0.18427762209668785,0.16754461211866487
2024-03-12,0.1843456145329806,0.16680262888634825
2024-03-13,0.1840739846917154,0.16832842478690624
2024-03-14,0.1968157289747103,0.17404490704662637
2024-03-15,0.18389688797205522,0.17397486740454174
2024-03-18,0.18392463475899312,0.1769796721147458
2024-03-19,0.18285983816105975,0.18416970158532064
2024-03-20,0.18312183424309816,0.19225470539608794
2024-03-21,0.18315267078194752,0.23774157746347818
2024-03-22,0.3015876150066396,0.23418167872528123
2024-03-25,0.1893733232026281,0.23361410755511336
2024-03-26,0.19387535894447958,0.23344655627056574
2024-03-27,0.19225054156774382,0.24522943665081923
2024-03-28,0.19016066934380443,0.24645821839441046
2024-04-01,0.19787820569935322,0.24726495150931943
2024-04-02,0.1942043276353639,0.24744378089585675
2024-04-03,0.19254858810132142,0.23431624639538395
2024-04-04,0.1887154458071195,0.21279601066470882
2024-04-05,0.1904157965192971,0.2124365747717475
2024-04-08,0.1886224068005652,0.2137386583600621
2024-04-09,0.191677153102831,0.21217098566913367
2024-04-10,0.18818182747463943,0.21063320764765486
2024-04-11,0.1972891768174027,0.2594722554745834
2024-04-12,0.19250929583458568,0.2566371523108891
2024-04-15,0.1916183252155665,0.2666704666289187
2024-04-16,0.22865219642213452,0.27487835667092475
2024-04-17,0.22468022727183293,0.27465571804288286
2024-04-18,0.19659905367430683,0.2693719746658984
2024-04-19,0.19342079242773097,0.26389886534017304
2024-04-22,0.2041318976910517,0.226267078320944
2024-04-23,0.1906885714143945,0.22670790350167985
2024-04-24,0.19055963315232174,0.2303539149851611
2024-04-25,0.19074618076016142,0.22999829869103425
2024-04-26,0.1906245395186924,0.21719085929070056
2024-04-29,0.1908211782145696,0.23144105560992398
2024-04-30,0.18968536187434087,0.23879099529496667
2024-05-01,0.21987360833473116,0.2384545344822591
2024-05-02,0.19425199726856682,0.2496536269424154
2024-05-03,0.19239087999687168,0.31729660246277486
2024-05-06,0.24551339729144547,0.3204994573533353
2024-05-07,0.20742101833948748,0.3184389115902041
2024-05-08,0.21115971554905444,0.31825282878206984
2024-05-09,0.20802918296067144,0.3143266278160613
2024-05-10,0.20663147599790485,0.28456322310506765
2024-05-13,0.20637101753719875,0.28872405082329283
2024-05-14,0.205027665853756,0.2744758768767557
2024-05-15,0.2027596404987114,0.26217070937058773
2024-05-16,0.2009436242239054,0.25813764323354016
2024-05-17,0.19777241383448496,0.25559251877818484
2024-05-20,0.19365530707131887,0.24664421742575587
2024-05-21,0.19438210209033807,0.24654298209752848
2024-05-22,0.19478922441243407,0.25175362702450754
2024-05-23,0.19726083623676385,0.2681633326979751
2024-05-24,0.22800173070551483,0.27116482792271085
2024-05-28,0.20236941569526562,0.26998333837468425
2024-05-29,0.19388854574733114,0.2612471966082521
2024-05-30,0.19340570193187184,0.2476125210704331
2024-05-31,0.19390471919647284,0.24398926500997126
2024-06-03,0.19339546277433,0.23761531486635973
2024-06-04,0.19514884279107048,0.14109688784966934
2024-06-05,0.19194797922891,0.13504754339071917
2024-06-06,0.1941449489964765,0.1400885242972075
2024-06-07,0.19703688993415586,0.14354529574660596
2024-06-10,0.19765592190061385,0.16192133506711712
2024-06-11,0.22554761201388632,0.28233756913807845
2024-06-12,0.366667514507531,0.29018800786114446
2024-06-13,0.25419286231118815,0.2902047135789942
2024-06-14,0.19791707037518372,0.2936390486121875
2024-06-17,0.20638373726905376,0.2970246782550076
2024-06-18,0.22223166530847138,0.3024275837311329
2024-06-20,0.2157302297021821,0.31706310786005154
2024-06-21,0.26708967684898455,0.32106960805869167
2024-06-24,0.21527264709521918,0.3185066614418841
2024-06-25,0.19763906224256833,0.30482992280871934
2024-06-26,0.198212650804754,0.3065804370251369
2024-06-27,0.22556924495836664,0.3060023091084865
2024-06-28,0.19928089493795972,0.3152329772180882
2024-07-01,0.23570793147567046,0.3258992907326955
2024-07-02,0.2508419926316636,0.32775842414023054
2024-07-03,0.21720730255217452,0.327612662630649
2024-07-05,0.19920138837037127,0.3311867941955897
2024-07-08,0.23075393324703025,0.33119026656429706
2024-07-09,0.20197911059163118,0.3273852638895622
2024-07-10,0.1996652149148644,0.329228634863073
2024-07-11,0.22208322123641283,0.33386698278692795
2024-07-12,0.28260769942650144,0.24680585553075637
2024-07-15,0.21335491099013495,0.23619563225450763
2024-07-16,0.22188488446836455,0.23635726243812155
2024-07-17,0.20086606202841692,0.2549975307552676
2024-07-18,0.2897384220432723,0.26130909206459785
2024-07-19,0.268428454175496,0.25728015152766687
2024-07-22,0.20351766593428022,0.24271991215620237
2024-07-23,0.20355178474802038,0.237616471060861
2024-07-24,0.2047588477299453,0.2637800488200835
2024-07-25,0.310691356644491,0.2647881550682952
2024-07-26,0.21138922972585547,0.25667652305098876
2024-07-29,0.2086471538894257,0.2564575735430468
2024-07-30,0.2076571393601025,0.24863312180731764
2024-07-31,0.20801913161343244,0.23399670389834545
2024-08-01,0.22381281491948596,0.2353481297897846
2024-08-02,0.24284129195258056,0.23572559894896275
2024-08-05,0.21161213738696885,0.2772244444781437
2024-08-06,0.43356730286604206,0.27537711351589483
2024-08-07,0.21937390148951913,0.28024320277237746
2024-08-08,0.22138294938774344,0.278153757691521
2024-08-09,0.23086495645993058,0.27543180152525243
2024-08-12,0.22449075949267522,0.2720301938676576
2024-08-13,0.2142608527545115,0.27242985269483944
2024-08-14,0.23180671453577215,0.27248113771929955
2024-08-15,0.21161864287152912,0.2645215031666509
2024-08-16,0.22355982806729827,0.2551656152732347
2024-08-19,0.213570537215769,0.25519640153472467
2024-08-20,0.21074911855249992,0.25521719942591453
2024-08-21,0.21088634350802296,0.25480277536706725
2024-08-22,0.21009923019576465,0.23371108672195717
2024-08-23,0.21740797627822606,0.23452812252039346
2024-08-26,0.21512206653557653,0.23453577387942595
2024-08-27,0.20772835556286967,0.23459144060731305
2024-08-28,0.20823881036524236,0.2366038825745543
2024-08-29,0.21285711737060445,0.2363170128043271
2024-08-30,0.2174422028725082,0.22742389090371762
2024-09-03,0.20769688330952313,0.24903621016968167
2024-09-04,0.2951811854922614,0.1748262594742101
2024-09-05,0.21869480380199946,0.16936882625791266
2024-09-06,0.20970640691754722,0.16974646267888746
2024-09-09,0.213575887415301,0.16198948528214133
2024-09-10,0.20547772878163678,0.15694576264987278
2024-09-11,0.20670156465122674,0.15986221826282776
2024-09-12,0.21251033171678832,0.1489834287380291
2024-09-13,0.20451446977983956,0.1489381710724718
2024-09-16,0.2041420553730589,0.17041325318694225
2024-09-17,0.27776506125604034,0.1687671764491694
2024-09-18,0.2099940882168759,0.1822248386948001
2024-09-19,0.22720515605758917,0.2237459680939563
2024-09-20,0.2912175992490187,0.22404109502217026
2024-09-23,0.21371888048267473,0.22371975854744702
2024-09-24,0.21698770027876116,0.2212912404644901
2024-09-25,0.21395676458140628,0.22177007753649078
2024-09-26,0.21353653276067636,0.2221135449076542
2024-09-27,0.21117838111243906,0.22080968221732344
2024-09-30,0.2093483384096864,0.22905993871528652
2024-10-01,0.23860200588529132,0.2517241966355639
2024-10-02,0.28010557362503957,0.23185843190820138
2024-10-03,0.21561663224784822,0.23027998767716207
2024-10-04,0.21610406093754445,0.22976060515965774
2024-10-07,0.21676441625950332,0.2427591995138732
2024-10-08,0.23780963020128926,0.25069020386852703
2024-10-09,0.23848172323833675,0.2556629013747256
2024-10-10,0.2358360795503627,0.25363106716373945
2024-10-11,0.21558755993504033,0.2550897844827634
2024-10-14,0.21803354439356315,0.2603582486101625
2024-10-15,0.23432069208811734,0.237830630568272
2024-10-16,0.22407522083378512,0.24178725682055643
2024-10-17,0.22066674202882888,0.23586426849996397
2024-10-18,0.21590519800426,0.20478374836112173
2024-10-21,0.22610418590280912,0.20489439304817061
2024-10-22,0.21811591572119415,0.20275791761162287
2024-10-23,0.21489160406859342,0.21861520158224296
2024-10-24,0.24716385228860402,0.21791050093210432
2024-10-25,0.21835952692421537,0.21761986961575172
2024-10-28,0.21959258437807988,0.21927557271180892
2024-10-29,0.22123656664550675,0.20495145278733262
2024-10-30,0.21603362585012548,0.18385177901948876
2024-10-31,0.22812525875744638,0.19530127290656174
2024-11-01,0.23837413820416445,0.20002274278987406
2024-11-04,0.22897101958541022,0.19929483074249937
2024-11-05,0.21544213270738036,0.18422152670831013
2024-11-06,0.21672050125911058,0.17265138506759312
2024-11-07,0.21429087384551576,0.17902457551914225
2024-11-08,0.24482964769544113,0.17893527060505554
2024-11-11,0.2161822852518785,0.18235683505005754
2024-11-12,0.2262189974482604,0.17164070479253923
2024-11-13,0.23505578048337317,0.16692048247592575
2024-11-14,0.23347221239770308,0.1729685875763919
2024-11-15,0.23562227841197902,0.17890670007306467
2024-11-18,0.234992874132562,0.18003266043864144
2024-11-19,0.236667684285349,0.17814741922688118
2024-11-20,0.2142165010616717,0.17886175205166954
2024-11-21,0.21470067449470578,0.1626818907913459
2024-11-22,0.21422271425036238,0.1641239634588107
2024-11-25,0.21640639642944035,0.169876283449769
2024-11-26,0.22618701718333348,0.170383896337975
2024-11-27,0.22060185435501925,0.1703899233853914
2024-11-29,0.21471373283594888,0.16357614447814955
2024-12-02,0.22169900537303147,0.14865120197279513
2024-12-03,0.22082788424858404,0.13997970287607187
2024-12-04,0.22538887755579096,0.13721246163826864
2024-12-05,0.21533184837875488,0.13774187693042497
2024-12-06,0.21366186826347924,0.13635490202913259
2024-12-09,0.21324870247132946,0.12923035981107006
2024-12-10,0.23226345593526107,0.1278851632068986
2024-12-11,0.215406479704066,0.11870109052315587
2024-12-12,0.21575535062186432,0.11763871521802372
2024-12-13,0.2157474783843256,0.11847395707195964
2024-12-16,0.2125523798634343,0.11672727394172125
2024-12-17,0.22335828298211985,0.09584645759640534
2024-12-18,0.2199649367388974,0.13086074782467635
2024-12-19,0.244212488707093,0.13081350932214372
2024-12-20,0.218879291210336,0.13981254011851924
2024-12-23,0.23978393372210663,0.13762558723252713
2024-12-24,0.2175799394559609,0.1392583851834961
2024-12-26,0.22521411929567065,0.13678356714964204
2024-12-27,0.2183074693848011,0.14977919789599337
2024-12-30,0.2247670077209802,0.1608230072395596
2024-12-31,0.22477663439038656,0.16273927202615368
2025-01-02,0.21867013042287403,0.18921261847204177
2025-01-03,0.2601443058603993,0.18440248452800723
2025-01-06,0.21569948154227767,0.18576916452230252
2025-01-07,0.2175723520697098,0.19025159033745184
2025-01-08,0.2212617955500532,0.19038228287345504
2025-01-10,0.21249354964508382,0.1988109372504463
2025-01-13,0.23727102834111444,0.19958320876194197
2025-01-14,0.21923671954979257,0.1995253102357964
2025-01-15,0.21686089913715553,0.21197523074219485
2025-01-16,0.2388202436126251,0.2514183866802896
2025-01-17,0.2558407617229214,0.24856021460370684
2025-01-21,0.22526398221288835,0.2614737353105037
2025-01-22,0.22193440484084043,0.25803525904096747
2025-01-23,0.22399682253072853,0.25491619511803376
2025-01-24,0.2216290457887767,0.23979028638321156
2025-01-27,0.22158410558298833,0.2715576937958795
2025-01-28,0.28923445071286563,0.301752749693914
2025-01-29,0.3489024864378187,0.30221283242577285
2025-01-30,0.22686277848058006,0.30054340574954835
2025-01-31,0.22415098584899243,0.2986692695744935
2025-02-03,0.22329761394419853,0.31763114185921065
2025-02-04,0.2270372863877324,0.31845385248266395
2025-02-05,0.2676306012425832,0.3184650917730039
2025-02-06,0.22851078952277565,0.3174633830908967
2025-02-07,0.22931570921425493,0.3251008241132994
2025-02-10,0.25258260186090536,0.32495267308783216
2025-02-11,0.2481295819440489,0.32584301500724455
2025-02-12,0.25268077482505713,0.3302014442632761
2025-02-13,0.2585537392197886,0.3359100592857589
2025-02-14,0.2651688885249083,0.332157593397937
2025-02-18,0.24522257876693726,0.2940972567131158
2025-02-19,0.2307921765848453,0.29374699989445374
2025-02-20,0.23089983663285638,0.26390621700666933
2025-02-21,0.2322371091387328,0.26468388421870936
2025-02-24,0.23092183388692727,0.26405736004339847
2025-02-25,0.23435958937564838,0.2628224634236605
2025-02-26,0.2308312786971796,0.2673984585151864
2025-02-27,0.23322011017649205,0.24205407039084967
2025-02-28,0.233248777755033,0.2505498202916841
2025-03-03,0.26205110131507836,0.2555997030193708
2025-03-04,0.23363454519568258,0.25643203036282985
2025-03-05,0.2335570982073158,0.22384634620873484
2025-03-06,0.2323298779334258,0.21289833221362575
2025-03-07,0.23035108804764196,0.21911211998256155
2025-03-10,0.2525026419208355,0.281358416269806
2025-03-11,0.2338475185948349,0.2874601913928735
2025-03-12,0.2561832296058922,0.29268029907739246
2025-03-13,0.24232996505456195,0.2990933202314964
2025-03-14,0.27945039636279034,0.29899855172552803
2025-03-17,0.2699812729743076,0.28702280797491425
2025-03-18,0.23504099176400176,0.2791231253628032
2025-03-19,0.23634803964271212,0.2858167134902041
2025-03-20,0.2497307633553132,0.28446901672465813
2025-03-21,0.235641248971123,0.29623304198005723
2025-03-24,0.2719256072299161,0.30164645159910153
2025-03-25,0.24733717165163333,0.3061364849368404
2025-03-26,0.24705261963975922,0.30619599573862266
2025-03-27,0.23744486875105195,0.29957406358633654
2025-03-28,0.2404084591978293,0.3090220637735604
2025-03-31,0.27503237183449375,0.309281843002684
2025-04-01,0.2644645101196665,0.3075932273659244
2025-04-02,0.23347938994064307,0.3075513628584908
2025-04-03,0.23233671028986322,0.4489600299976368
2025-04-04,0.5013786536624366,0.5071777694900712
2025-04-07,0.746363994178978,0.5058096467889238
2025-04-08,0.7176729606868184,0.5071138385333196
2025-04-09,0.7482936394396992,0.736116354063031
2025-04-10,0.8063553203082405,0.7469704007399977
2025-04-11,0.802093925728711,0.7559557502998275
2025-04-14,0.7330988308627499,0.7573829448906955
2025-04-15,0.646563991223612,0.7571795003814319
2025-04-16,0.5197219113358249,0.7679471823176927
2025-04-17,0.6066211599833647,0.7684916685619113
2025-04-21,0.5289403235227724,0.770334792940592
2025-04-22,0.4919896780748275,0.7774956161648118
2025-04-23,0.47480864085543073,0.7819630422210427
2025-04-24,0.4440554582283931,0.783423258116115
2025-04-25,0.4076825012847887,0.7834792927707838
2025-04-28,0.35021067975500536,0.7824505989950128
2025-04-29,0.3067323935646214,0.7779605511400178
2025-04-30,0.2741853864292801,0.7748786175398081
2025-05-01,0.2509236426638401,0.7747834265663927
2025-05-02,0.238251415000589,0.7843334743286455
2025-05-05,0.38878065862588174,0.7167109451615435
2025-05-06,0.4407713336348522,0.6634626289048273
2025-05-07,0.3934194345792199,0.6497293282564149
2025-05-08,0.35783067911680116,0.6183609703867495
2025-05-09,0.326974296366603,0.37080059469447624
2025-05-12,0.29799574124032135,0.39336422919563024
2025-05-13,0.32970013177374363,0.37310691054118234
2025-05-14,0.30404075876438047,0.3675792479668643
2025-05-15,0.2783346566408755,0.3679904667105094
2025-05-16,0.2688074375967069,0.3354025116415012
2025-05-19,0.25541179259341107,0.33772880375201336
2025-05-20,0.26929269035969033,0.33090990961796724
2025-05-21,0.2675222224030063,0.3241065812944335
2025-05-22,0.31647282304750307,0.3128910020984251
2025-05-23,0.2958267612693211,0.3213789473377959
2025-05-27,0.3723906962595678,0.335006392339555
2025-05-28,0.34196810310293757,0.33446693461243954
2025-05-29,0.31976752000407,0.3334202615499953
2025-05-30,0.3037514607282825,0.3329444035626221
2025-06-02,0.2849844511327879,0.33303792234432666
2025-06-03,0.2705231176923541,0.30846580122461503
2025-06-04,0.2597764402605534,0.28657526003089184
2025-06-05,0.25127688438675694,0.28937941093751324
2025-06-06,0.25726314103023107,0.29079920382885954
2025-06-09,0.2453610369643571,0.29429579796778105
2025-06-10,0.2509808111362429,0.29445108783739843
2025-06-11,0.2401470338053337,0.2059498861735833
2025-06-12,0.2684131569901405,0.2014573847810943
2025-06-13,0.25562490372459756,0.20484100294581695
2025-06-16,0.26578651816262455,0.21022688171947246
2025-06-17,0.2559214587578783,0.21349623276137172
2025-06-18,0.263852826075533,0.21325590218402568
2025-06-20,0.2513045139418379,0.22871816400662923
2025-06-23,0.24425538962651605,0.21452881074931052
2025-06-24,0.23658823311262123,0.21516404641291142
2025-06-25,0.23720230056347286,0.1852585753289419
2025-06-26,0.23158620891643056,0.16476459541746272
2025-06-27,0.22487908820231778,0.16473718688046976
2025-06-30,0.21740527557419978,0.17828534071292426
2025-07-01,0.21698785450538308,0.1825019473236014
2025-07-02,0.21182589630175558,0.19559408126277752
2025-07-03,0.21377179709518115,0.1949259481047192
2025-07-07,0.212981502975238,0.20571953223911094
2025-07-08,0.244868429147306,0.20074868035871987
2025-07-09,0.2336745606809793,0.19456557993236615
2025-07-10,0.22884436104483044,0.1883615491121645
2025-07-11,0.22115403291223737,0.1900873334231261
2025-07-14,0.21773405013180783,0.18126151895948112
2025-07-15,0.2308230416032232,0.18126024283594153
2025-07-16,0.22565171425353053,0.1715230156887518
2025-07-17,0.22030916773465137,0.1701910200969554
2025-07-18,0.21712958005362165,0.1589663433070639
2025-07-21,0.21020831548281566,0.15915724061696876
2025-07-22,0.20911237143074893,0.1457791071432881
2025-07-23,0.21202994247565426,0.14651178136262752
2025-07-24,0.20609933251056284,0.14402931144534964
2025-07-25,0.20033471804401295,0.14380187119458857
2025-07-28,0.19489019256032283,0.14257306307905168
2025-07-29,0.19922499308578148,0.15292594045835214
2025-07-30,0.2216651199644555,0.14470381064680585
2025-07-31,0.226720508993862,0.14039142278155195
2025-08-01,0.22183926342223748,0.14242909551130095
2025-08-04,0.2889334090517016,0.1421505471091769
2025-08-05,0.27047130887578325,0.13176643946070593
2025-08-06,0.2559674042104315,0.22131764022182782
2025-08-07,0.25117566244129275,0.24511586904220647
2025-08-08,0.23468765455987925,0.2807164107635401
2025-08-11,0.23105860126595007,0.2819038250461476
2025-08-12,0.23284841177273413,0.27702119242518897
2025-08-13,0.22659460925770403,0.27958062527319655
2025-08-14,0.22365608199038234,0.2808307745041987
2025-08-15,0.217356914146644,0.2823692805318943
2025-08-18,0.2198003444997348,0.2836103904394547
2025-08-19,0.21475496867909175,0.28420467943277566
