date,sigma_gjr,target_sigma
2018-02-02,0.35665517062153734,0.3035728204996473
2018-02-05,0.35942583245034665,0.324950423893547
2018-02-06,0.4042996255011682,0.3247026566198886
2018-02-07,0.34514823492940666,0.2712213841619637
2018-02-08,0.3464611033002986,0.41686709325498783
2018-02-09,0.6644114009439351,0.4184872866868872
2018-02-12,0.37080215567268854,0.4222629802082255
2018-02-13,0.36072322238308074,0.4331662819036532
2018-02-14,0.359949503165147,0.4305502849570837
2018-02-15,0.3606444427262631,0.44386183663961015
2018-02-16,0.3607622741984762,0.443837688629308
2018-02-20,0.35846274962244995,0.43952732317216364
2018-02-21,0.35834529039404656,0.4389409681633489
2018-02-22,0.3588591774012829,0.4605360368268559
2018-02-23,0.35409488559198266,0.45910835618382234
2018-02-26,0.3514017791748411,0.45229125759344885
2018-02-27,0.3504689431325841,0.45538965315244384
2018-02-28,0.36840601970771575,0.4575905478051214
2018-03-01,0.3797647159006458,0.4725778272756816
2018-03-02,0.4259380419469727,0.46606253798069147
2018-03-05,0.35028602594215197,0.46423955231522546
2018-03-06,0.3519915597508466,0.46412828131519807
2018-03-07,0.3646875470526779,0.4541259903483584
2018-03-08,0.3507647266627636,0.4551972850974491
2018-03-09,0.35622573347154124,0.4390640550842699
2018-03-12,0.35283544488089363,0.35255132214235196
2018-03-13,0.35590978307464194,0.34959983177364234
2018-03-14,0.36127667815445763,0.3867606846012331
2018-03-15,0.45869468545821934,0.3776585004562797
2018-03-16,0.3567649721633279,0.3802591567292449
2018-03-19,0.3644545480471843,0.3655130418521347
2018-03-20,0.3844514364088237,0.36520381608074515
2018-03-21,0.36073389922555377,0.3736258607124841
2018-03-22,0.35378366213780305,0.3807040123373576
2018-03-23,0.38179771112607325,0.35574327061255007
2018-03-26,0.3863321893750496,0.3500722050580738
2018-03-27,0.3533191079782093,0.43420556455451026
2018-03-28,0.6262522355030443,0.49394484579257947
2018-03-29,0.6984382514480806,0.5183434892491037
2018-04-02,0.36185897430590525,0.5310762233423529
2018-04-03,0.5809460373950127,0.5794559067178864
2018-04-04,0.4860950785651312,0.6435742364187736
2018-04-05,0.4643431415017479,0.6871965069143641
2018-04-06,0.476717499554128,0.6873349145465403
2018-04-09,0.4495705997039225,0.693931330927621
2018-04-10,0.4821974692104723,0.7212006427339058
2018-04-11,0.45056480730991944,0.6900639584368441
2018-04-12,0.4178776953898676,0.6923102784906524
2018-04-13,0.4239981315149825,0.684211454903662
2018-04-16,0.40041169360969175,0.6904897107154314
2018-04-17,0.4435720255658626,0.6903584314334279
2018-04-18,0.4183391451747949,0.6917167368172543
2018-04-19,0.3902184431442305,0.696950491123241
2018-04-20,0.37148340941636615,0.7009688167759854
2018-04-23,0.4307082894466256,0.7010402629478648
2018-04-24,0.436158622921395,0.6971162830057118
2018-04-25,0.40577357663597596,0.6961660553249652
2018-04-26,0.3900761408350113,0.6317870985069846
2018-04-27,0.372562774130077,0.5656869314537507
2018-04-30,0.36061060079669915,0.5583055484215834
2018-05-01,0.3489626066286857,0.519688897913571
2018-05-02,0.34142272721689587,0.48726616165661196
2018-05-03,0.3336742889003445,0.4743292038431271
2018-05-04,0.4947633366935994,0.4329969125403193
2018-05-07,0.45710514615995107,0.4396526698426168
2018-05-08,0.43061701444502637,0.4229872763592838
2018-05-09,0.4069417984700224,0.3884331568866661
2018-05-10,0.39001505128887437,0.3863915590040571
2018-05-11,0.37668834274273183,0.38019585132254097
2018-05-14,0.3726225227660956,0.3881403108205723
2018-05-15,0.40789112703902075,0.3846830577188105
2018-05-16,0.42471424084011594,0.3837759178779444
2018-05-17,0.40180163727828894,0.37753898958636195
2018-05-18,0.3870561846013588,0.37714497379668505
2018-05-21,0.4106215700305845,0.3759110961344067
2018-05-22,0.3916943238275109,0.3850365603522576
2018-05-23,0.43203072634345413,0.3890372130291996
2018-05-24,0.4078203017215218,0.3878928576385423
2018-05-25,0.3899900154884654,0.383075190337247
2018-05-29,0.3746484603536148,0.3728964687401153
2018-05-30,0.36310772227112936,0.38655315150745034
2018-05-31,0.35614219716119727,0.3873848790732495
2018-06-01,0.3787068862468893,0.39812675534596276
2018-06-04,0.36669188476892844,0.3471843911813797
2018-06-05,0.3562370955616036,0.33487810662669726
2018-06-06,0.3665647157514506,0.4568983970797731
2018-06-07,0.36773144959371207,0.45891311348589575
2018-06-08,0.36482758448360014,0.45629607322118587
2018-06-11,0.3564165403789401,0.47857456270169574
2018-06-12,0.3551280645869853,0.48344858924797296
2018-06-13,0.3517577980531582,0.46457125705289565
2018-06-14,0.3481898595131963,0.45664106657387954
2018-06-15,0.35030571228784113,0.45779194551528285
2018-06-18,0.34694993355998993,0.46046638752674657
2018-06-19,0.34983420448467706,0.4916306145362028
2018-06-20,0.4688811597178993,0.49152155574294626
2018-06-21,0.44232814028465794,0.5009365563803642
2018-06-22,0.48954683663178133,0.5318672800263599
2018-06-25,0.5224452149964137,0.5311689522036261
2018-06-26,0.477918439094729,0.5344081136102043
2018-06-27,0.452819367295844,0.533714476598314
2018-06-28,0.4281602223356382,0.5300957270187436
2018-06-29,0.4092620050491034,0.5270663184839482
2018-07-02,0.41011434156948584,0.535062727535842
2018-07-03,0.4134363225451856,0.6031601732819905
2018-07-05,0.592205658106814,0.5989333693328762
2018-07-06,0.527321912217197,0.5012641693963957
2018-07-09,0.5038872161120606,0.5121418460260238
2018-07-10,0.4852481996182405,0.5136176273937533
2018-07-11,0.4618227975120847,0.4894587226004798
2018-07-12,0.4444644625726104,0.47415922222250856
2018-07-13,0.4236689685637013,0.47441326218038343
2018-07-16,0.404093174942127,0.457363021310993
2018-07-17,0.41997506442702986,0.48459556898154926
2018-07-18,0.41944237814841745,0.4640161069450281
2018-07-19,0.4052138255409246,0.4360819976157997
2018-07-20,0.395976081608136,0.42374738842014686
2018-07-23,0.40066484761379084,0.41652725661580675
2018-07-24,0.42634012548367245,0.40057526058027165
2018-07-25,0.4233776174242849,0.4271364303172083
2018-07-26,0.4165892742815257,0.41277071482572103
2018-07-27,0.4036642073976226,0.41970569125268264
2018-07-30,0.4251898637243254,0.4151011122202163
2018-07-31,0.4273606074662568,0.4309551049968152
2018-08-01,0.4822436591681974,0.4298072678850077
2018-08-02,0.40355059501130436,0.6294681086146057
2018-08-03,0.49633261528314804,0.629146261943354
2018-08-06,0.5114482599404998,0.6341265950680358
2018-08-07,0.5168143385855655,0.7176387048413443
2018-08-08,0.5300091727107827,0.7264150510421125
2018-08-09,0.5487735259374568,0.7500480021855112
2018-08-10,0.5624797943559967,0.7488961866320379
2018-08-13,0.5657968686956505,0.748946460431563
2018-08-14,0.5420880191921279,0.7473548885835459
2018-08-15,0.5427535347664174,0.7440326049341811
2018-08-16,0.5358944324653809,0.745149985666323
2018-08-17,0.526384716826154,0.8144174675990249
2018-08-20,0.5773606901995049,0.8124343121422923
2018-08-21,0.576233285886956,0.8165629181801218
2018-08-22,0.584703937755287,0.8127770812448368
2018-08-23,0.5823616430962641,0.8038893177985041
2018-08-24,0.5887205158928718,0.8035905539628602
2018-08-27,0.582887373177592,0.7958642237629983
2018-08-28,0.5824353892566397,0.7956976128151535
2018-08-29,0.5790747152757381,0.795553638240973
2018-08-30,0.5718196465272746,0.7953799253454267
2018-08-31,0.5712115414439741,0.5799133020422028
2018-09-04,0.563346959480149,0.5929751681729318
2018-09-05,0.5626094248738088,0.5962663089936691
2018-09-06,0.5639791828513953,0.4331756507776419
2018-09-07,0.5618339192717761,0.4667100256291187
2018-09-10,0.5808193033544808,0.5596811068196951
2018-09-11,0.5883488391261297,0.5567557024510361
2018-09-12,0.59980637016708,0.5819994957595496
2018-09-13,0.5967568943617847,0.5796582193331704
2018-09-14,0.5935106470889644,0.5840241119364449
2018-09-17,0.6001294788671572,0.5841921580873738
2018-09-18,0.5949612416951812,0.5027878095426822
2018-09-19,0.5957388995430414,0.5321610826902017
2018-09-20,0.6053409293103634,0.5073288885528516
2018-09-21,0.5993164836784804,0.5077008637677278
2018-09-24,0.6017467501759967,0.5080131184322285
2018-09-25,0.5932501031102949,0.5070311273383573
2018-09-26,0.5857901373927129,0.5175794763581266
2018-09-27,0.5832657970541056,0.511814536422057
2018-09-28,0.5751259575058052,0.725350058223116
2018-10-01,0.6449639811694985,0.9272177794825809
2018-10-02,0.7027197442439311,0.9340288348277609
2018-10-03,0.7041048705627132,0.9242923246161454
2018-10-04,0.6979578841826771,0.9325162906733528
2018-10-05,0.7155984887569417,0.9664725313304199
2018-10-08,0.7758374057489047,0.9523830830781354
2018-10-09,0.8050086642887165,0.9219610098556873
2018-10-10,0.785169003297971,0.9222906783243668
2018-10-11,0.7717751293157563,0.9099236408450875
2018-10-12,0.7569903779083309,0.91680557555449
2018-10-15,0.4643610813140725,0.912915055391881
2018-10-16,0.44983085005394075,0.9442242038560368
2018-10-17,0.7412402558446474,0.9390972543295625
2018-10-18,0.500823143868517,0.9249552688873958
2018-10-19,0.5830440543024911,0.9253625459116641
2018-10-22,0.5149780986337865,0.9255028604400816
2018-10-23,0.46860023683092394,1.0237605451416345
2018-10-24,0.73942728623263,1.0255242836587646
2018-10-25,0.7341154879400473,1.0672161302176397
2018-10-26,0.7433216200182144,1.0800216621133616
2018-10-29,0.7525134187131916,0.9252413631559787
2018-10-30,0.736075809063175,0.7532393272395315
2018-10-31,0.7252027201227729,0.7452247529897273
2018-11-01,0.7160402396531439,0.7405780365528595
2018-11-02,0.7126526654315823,0.7157736551144687
2018-11-05,0.7031298138451596,0.6565215042540853
2018-11-06,0.6974962967898023,0.6254471408124721
2018-11-07,0.6817374313281221,0.6143734525160703
2018-11-08,0.6691987664601483,0.6004681883408156
2018-11-09,0.6435764286524496,0.5919248189664461
2018-11-12,0.45328456825730024,0.6407589040400619
2018-11-13,0.6677714560633176,0.6409340199646528
2018-11-14,0.6554215585016003,0.6140392151729769
2018-11-15,0.6360968774642132,0.6055883253988555
2018-11-16,0.6026943573305575,0.5868190893110727
2018-11-19,0.514151534570324,0.5805933109056504
2018-11-20,0.49392480097567515,0.5898851012708826
2018-11-21,0.49719677108927723,0.46276821916045646
2018-11-23,0.5217784123346026,0.47926931159936853
2018-11-26,0.5596909642120154,0.42706007402033536
2018-11-27,0.5888595049564639,0.3951876654298706
2018-11-28,0.5378703592172441,0.3950478422803598
2018-11-29,0.5177498492762143,0.39778101001057187
2018-11-30,0.5274676898629612,0.4011574191500773
2018-12-03,0.493507022867821,0.4024959111867656
2018-12-04,0.4823255872605274,0.4022409855402658
2018-12-06,0.479908798293791,0.3984883833904271
2018-12-07,0.4785194605565521,0.4026878882165302
2018-12-10,0.5150679018400107,0.402269486569547
2018-12-11,0.48487039046116065,0.40155619375715335
2018-12-12,0.4764490477303669,0.4013207009456366
2018-12-13,0.4723126843990993,0.3488266791494986
2018-12-14,0.4493287611666195,0.3648164235647918
2018-12-17,0.6261756742055916,0.4038185280535971
2018-12-18,0.8507496004045548,0.4175509724093752
2018-12-19,0.7235980833312329,0.41356101119398325
2018-12-20,0.5480101279680493,0.45010248052383134
2018-12-21,0.8931965375333957,0.45275311102495813
2018-12-24,0.5875548509480989,0.5178028999560668
2018-12-26,1.150862530171791,0.6203418417862585
2018-12-27,0.7364994746063697,0.5887293873551142
2018-12-28,0.7071754394390568,0.6229505768919882
2018-12-31,0.5531321739391692,0.621212508906683
2019-01-02,0.49606404012739364,0.6630418931666444
2019-01-03,1.1112797495764306,0.6592040568894506
2019-01-04,0.8362921645801289,0.6879628064749095
2019-01-07,0.6213069022609292,0.7170557863762461
2019-01-08,0.5455210448553975,0.7157943420606021
2019-01-09,0.4915468651171634,0.716158860138768
2019-01-10,0.48226951344460184,0.7157655556655557
2019-01-11,0.4781989957979688,0.7160840207335487
2019-01-14,0.47677852840300855,0.7262480225019677
2019-01-15,0.690049675121203,0.7274631621782007
2019-01-16,0.5560178348445155,0.7219842777488434
2019-01-17,0.5053109549433353,0.7026367202091651
2019-01-18,0.4908854757148251,0.8460921342979232
2019-01-22,1.9578473107045873,0.8459952491188099
2019-01-23,1.1419266674088024,0.8362308919040271
2019-01-24,0.8958285373412139,0.8361531651378944
2019-01-25,0.6204044943346191,0.7933940968869131
2019-01-28,0.5452115115339501,0.7077386190623426
2019-01-29,0.5302069120347814,0.7015617271572785
2019-01-30,0.526218711842987,0.6861000769826473
2019-01-31,0.5283419199125704,0.686130347089658
2019-02-01,0.5321785315950219,0.6445288702089715
2019-02-04,0.5287521742926005,0.6337330916416133
2019-02-05,0.5269286065725954,0.6098055021529722
2019-02-06,0.5260297515432243,0.5804879678310326
2019-02-07,0.5555195516235212,0.5885546059605958
2019-02-08,0.6798681689472772,0.5864889034582945
2019-02-11,0.5569772805874599,0.5886345653313414
2019-02-12,0.5150308352286902,0.5872427100895152
2019-02-13,0.508401049871243,0.5758492098319413
2019-02-14,0.5321749560985763,0.5636832682739963
2019-02-15,0.5504484832598888,0.5665772365477577
2019-02-19,0.5120862593561547,0.5656054955022032
2019-02-20,0.5168185915718722,0.2963154134317324
2019-02-21,0.527024994547471,0.32279125789015484
2019-02-22,0.7416817335661242,0.29531037206590954
2019-02-25,0.5620031352637155,0.29538666767587274
2019-02-26,0.5184765493345693,0.2885814381712666
2019-02-27,0.5101484652837579,0.34545651856721726
2019-02-28,0.5128303372971245,0.3485385582348887
2019-03-01,0.5112434433965887,0.43575349157880383
2019-03-04,1.256972408584556,0.44818398333368575
2019-03-05,0.8716024800695098,0.4518059091494725
2019-03-06,0.7492498390807412,0.4512234825234634
2019-03-07,0.5797253621740264,0.43642613096048755
2019-03-08,0.540780636566874,0.4513535100887707
2019-03-11,0.5337927150675067,0.4516421912925698
2019-03-12,0.5305877325448126,0.4590038298578206
2019-03-13,0.6326289784584889,0.45682042355708863
2019-03-14,0.5479936496056776,0.457508808009459
2019-03-15,0.5266000357436365,0.48628767571375514
2019-03-18,0.8692720276511403,0.48869814111484733
2019-03-19,0.6711947416671047,0.483722640841484
2019-03-20,0.5661143394990532,0.49427284192843207
2019-03-21,0.536544901987632,0.49448046282059543
2019-03-22,0.5294778280509913,0.49208950978564653
2019-03-25,0.7046755109064701,0.48972566137947904
2019-03-26,0.602344836952034,0.4992128305368799
2019-03-27,0.5438356368536037,0.5108273355162612
2019-03-28,0.5202313350052817,0.46903270524909324
2019-03-29,0.5204458217130136,0.46382205296234796
2019-04-01,0.5220288987338912,0.3938049033002874
2019-04-02,0.5192702521437864,0.3790030076300737
2019-04-03,0.5469357081631255,0.36715544735967287
2019-04-04,0.5208846927466497,0.4785338611445501
2019-04-05,1.2762116477317968,0.48821677796549545
2019-04-08,0.645353186355153,0.4783647195539589
2019-04-09,0.543339466592114,0.46932214691702673
2019-04-10,0.5334522177698159,0.46486382726211756
2019-04-11,0.5298026073356158,0.4672727566113622
2019-04-12,0.6364942329311077,0.4666030147883078
2019-04-15,0.5434871750673851,0.4334553945441223
2019-04-16,0.535898065483751,0.4368889548570024
2019-04-17,0.5310007111248783,0.43696081089508865
2019-04-18,0.5399119188161039,0.43044353333255253
2019-04-22,0.531362488992181,0.4511947827822258
2019-04-23,0.742862259035547,0.43499284414838224
2019-04-24,0.5589194772413341,0.43723359616960805
2019-04-25,0.597489249637771,0.4491106456114247
2019-04-26,0.780741143274777,0.46474578125344407
2019-04-29,0.8879402749745767,0.47415761569336357
2019-04-30,0.5728373837074634,0.4726112837203829
2019-05-01,0.5586387472193174,0.4506499286560558
2019-05-02,0.5939908509918178,0.4855803605409701
2019-05-03,0.5388035402783227,0.5086654419737904
2019-05-06,0.5305676655808776,0.4186140982770374
2019-05-07,0.5281162261943583,0.4178483976126223
2019-05-08,0.6845863828788367,0.4180499715072416
2019-05-09,0.5594016014528165,0.41858304740685054
2019-05-10,0.5547980451989777,0.4128458739781937
2019-05-13,0.5504543358366576,0.438205515014414
2019-05-14,0.8572463794245552,0.4510282009883869
2019-05-15,0.5693257726579402,0.4513525947706697
2019-05-16,0.5406242057288331,0.4364177502143125
2019-05-17,0.5736254276859909,0.4995604123454785
2019-05-20,1.1359352244651109,0.4970276853493156
2019-05-21,0.695783519930791,0.48968845942814787
2019-05-22,0.5609298856159939,0.515501028314026
2019-05-23,0.9365828974201263,0.5248256949132497
2019-05-24,0.6006866712427555,0.5152469682374909
2019-05-28,0.6339268807421021,0.4950249354641571
2019-05-29,0.5789395250476244,0.4806095583626137
2019-05-30,0.5615437173037139,0.48070500468354843
2019-05-31,0.5685935224149636,0.4800908488923734
2019-06-03,0.5933485718123047,0.444635972321347
2019-06-04,0.6896220763910876,0.5133663561110018
2019-06-05,0.5770965559807596,0.5206085554193546
2019-06-06,0.565165843210571,0.5529453664340599
2019-06-07,0.5614666069957452,0.5529710140883226
2019-06-10,0.5617451824670241,0.5778908685361192
2019-06-11,0.5561579478642499,0.5844243616780854
2019-06-12,0.5509254089825366,0.5693487596411247
2019-06-13,0.6996342535194268,0.5687044929303666
2019-06-14,0.5674922579698878,0.5694475873734294
2019-06-17,0.5526398408618238,0.5925699223266654
2019-06-18,0.5563439607085644,0.5202766613879285
2019-06-19,0.5532115688811208,0.5086273656165028
2019-06-20,0.5510246795315678,0.5228160215946587
2019-06-21,0.663936831048868,0.4657851006055023
2019-06-24,0.5598427173540923,0.465017815031053
2019-06-25,0.5542102080127418,0.45917465967806315
2019-06-26,0.5961901728328822,0.45629599168954565
2019-06-27,0.5568887714728586,0.4573328317566266
2019-06-28,0.5558396125601025,0.45389659557851264
2019-07-01,0.555296035919518,0.44568888227390646
2019-07-02,0.5546330097195268,0.4242271464393173
2019-07-03,0.5748326189691066,0.36906527460368643
2019-07-05,0.5551118893266839,0.37285170209878893
2019-07-08,0.5581743046130758,0.35134198507581044
2019-07-09,0.5706516094707321,0.3493203960579094
2019-07-10,0.5475975569432886,0.34644899196272577
2019-07-11,0.5490647880757237,0.3432704896220781
2019-07-12,0.5505030395204663,0.3165549147862538
2019-07-15,0.5488277674007115,0.32584760409131514
2019-07-16,0.5473780441692095,0.3285668328190865
2019-07-17,0.5481271873273827,0.2978729230737207
2019-07-18,0.5462450143224596,0.29936769856888285
2019-07-19,0.5562246265649264,0.302406778713439
2019-07-22,0.5502588606887765,0.27813132197643253
2019-07-23,0.5633492291509293,0.28021744550794486
2019-07-24,0.5488495469147222,0.282509729766771
2019-07-25,0.5493733653604651,0.6016614877570233
2019-07-26,2.1514257217886783,0.6017783281421579
2019-07-29,0.8872313937921789,0.6098087690861701
2019-07-30,0.6361367384887574,0.6156736843172291
2019-07-31,0.6015139785206536,0.6143005904601168
2019-08-01,0.600451723353926,0.6248103180095499
2019-08-02,0.7240628908087874,0.6048496403962631
2019-08-05,0.5921492844160863,0.6110461050566447
2019-08-06,0.6374305387736376,0.6109481299486829
2019-08-07,0.5680941968514996,0.6121947320959796
2019-08-08,0.5460480851374335,0.6019187420313916
2019-08-09,0.5366932875626436,0.6038087202706836
2019-08-12,0.5579518669009133,0.6011186536676875
2019-08-13,0.6168024372714129,0.5955509497346619
2019-08-14,0.5476509812452561,0.635615799798238
2019-08-15,0.9369373936698107,0.6339253971545411
2019-08-16,0.6548782233438691,0.6411404605900615
2019-08-19,0.5647715614623107,0.6488274822151119
2019-08-20,0.5333524936276635,0.6487245959402879
2019-08-21,0.5290542655619347,0.6453816186022502
2019-08-22,0.5838878695581035,0.6406759440410565
2019-08-23,0.5349991632780748,0.4317798716989812
2019-08-26,0.7598316153039546,0.4376772159921205
2019-08-27,0.5639247566791734,0.41747243694326136
2019-08-28,0.5363085484568086,0.40378322042477627
2019-08-29,0.5300051459226885,0.4201804100086576
2019-08-30,0.5296793560440908,0.4130568840549869
2019-09-03,0.5307317159887366,0.4128338964055901
2019-09-04,0.5304474747506501,0.4085959054999894
2019-09-05,0.5657831348483892,0.4311783450906585
2019-09-06,0.5302863861064019,0.4300634634272883
2019-09-09,0.5373502651259034,0.42895714474140123
2019-09-10,0.5161384350821012,0.43043187535510186
2019-09-11,0.5188536154688097,0.44978141697492513
2019-09-12,0.5221759836266766,0.4432363187637274
2019-09-13,0.5237436834288837,0.36437466896302123
2019-09-16,0.5279739156102137,0.35860470708546927
2019-09-17,0.5353157381914546,0.35509220092248506
2019-09-18,0.5282343544922175,0.34397736548304664
2019-09-19,0.5245561999696194,0.34424085345240446
2019-09-20,0.5224682162582026,0.3462873611208026
2019-09-23,0.5860121619928197,0.346257362209557
2019-09-24,0.489025445704038,0.4088324190450368
2019-09-25,0.5031651881186812,0.4128846858026451
2019-09-26,0.501862414394563,0.45474371157559806
2019-09-27,0.5091043063612266,0.4555018577482536
2019-09-30,0.5141655002783123,0.4493519552284702
2019-10-01,0.5068549768499457,0.44874612572612066
2019-10-02,0.4968003095179772,0.44961589367979676
2019-10-03,0.507784083946772,0.47106281526485283
2019-10-04,0.589160305337272,0.45226306020108514
2019-10-07,0.5219445945914896,0.45975667837878703
2019-10-08,0.5127863738109952,0.4566267130331144
2019-10-09,0.5083905720987997,0.45767290120432313
2019-10-10,0.5088036313330574,0.4258355181769981
2019-10-11,0.5107455803123687,0.42789943304575806
2019-10-14,0.5101865419548661,0.4449703049679285
2019-10-15,0.5157697479987526,0.44282340617884913
2019-10-16,0.5092492190948906,0.4426955101370376
2019-10-17,0.4956983657552091,0.4420802838321134
2019-10-18,0.5025540477209963,0.44757019972900103
2019-10-21,0.5033884078302732,0.4409205267152602
2019-10-22,0.49784243284651825,0.44136100938424
2019-10-23,0.48263443048678406,0.33252645244399326
2019-10-24,0.46915325292978705,0.6350610531575596
2019-10-25,0.5164377288613231,0.6725934285216797
2019-10-28,0.786899760903282,0.6724461340665776
2019-10-29,0.5602133849188526,0.6916658111517635
2019-10-30,0.6013188991909965,0.6939948757048733
2019-10-31,0.5425531067261152,0.6922715671727915
2019-11-01,0.52191090599448,0.6666869543296169
2019-11-04,0.5195226024123479,0.6623372596199274
2019-11-05,0.522694306952218,0.6630622196465482
2019-11-06,0.5187916421558276,0.6649757851274144
2019-11-07,0.5278402687735222,0.6662607798841463
2019-11-08,0.5245071840097185,0.665349453355787
2019-11-11,0.5218355060893818,0.6658561834037741
2019-11-12,0.5206876776158349,0.6618033521409571
2019-11-13,0.5080810013860824,0.6667953403455236
2019-11-14,0.5099378247567077,0.6665613509225506
2019-11-15,0.5102274715719013,0.6666131723801401
2019-11-18,0.5103060941242142,0.6598281655152693
2019-11-19,0.5107542162264237,0.6528485419702573
2019-11-20,0.5183583148989598,0.6649856621204177
2019-11-21,0.5216105359705996,0.6621672078502213
2019-11-22,0.5072724668607906,0.4634743865829015
2019-11-25,0.6348798013487522,0.3445425704008953
2019-11-26,0.5597579804104413,0.3540021886842635
2019-11-27,0.5518774601830815,0.3295820020593964
2019-11-29,0.5297544001567449,0.3296408619339089
2019-12-02,0.5190914088063606,0.33235012572820716
2019-12-03,0.5176146342099672,0.33106498114309496
2019-12-04,0.5215114408264093,0.3318918986544083
2019-12-05,0.531754422559299,0.33367432079701786
2019-12-06,0.5282064813550528,0.32351109382461507
2019-12-09,0.5266939849244431,0.3119021075406172
2019-12-10,0.5253176451068391,0.32496699627462944
2019-12-11,0.5371125210698072,0.31732896942410693
2019-12-12,0.5223842075599774,0.320818783269552
2019-12-13,0.3808814560228215,0.31826567604008865
2019-12-16,0.37705436756577554,0.3814179072218796
2019-12-17,0.4157773528349704,0.38292596868202683
2019-12-18,0.4047814590150035,0.39776707954682716
2019-12-19,0.4325420078280147,0.3980791830589511
2019-12-20,0.47147915921745664,0.38676045635730905
2019-12-23,0.4394496781281051,0.39739271165248563
2019-12-24,0.47251509947507153,0.3012045001371603
2019-12-26,0.4771422711524446,0.30118372434205537
2019-12-27,0.41924748462057637,0.2791948997621526
2019-12-30,0.4819018295571571,0.32828061894122273
2019-12-31,0.4901083262350207,0.3239876065848026
2020-01-02,0.48240907187970133,0.32904140963683354
2020-01-03,0.49800177943213014,0.3329295081070961
2020-01-06,0.4992516176115226,0.32304016676117636
2020-01-07,0.4969477807277712,0.32201338268097474
2020-01-08,0.51060345935618,0.33981639202756864
2020-01-09,0.5235493097625512,0.36698057670265144
2020-01-10,0.4999449365544093,0.3734225698523279
2020-01-13,0.4953718712214416,0.4606778413970745
2020-01-14,0.592345706303286,0.461091810274282
2020-01-15,0.5425430009118821,0.4948153909888052
2020-01-16,0.5243475970685532,0.4750770236706579
2020-01-17,0.5097563424524687,0.47466533808497935
2020-01-21,0.4897871369013056,0.5066892915281415
2020-01-22,0.5444224051532309,0.5122415122484575
2020-01-23,0.5248942613730769,0.5120038535264438
2020-01-24,0.5003381879642522,0.5179240772664744
2020-01-27,0.48836108511593646,0.5258782626800332
2020-01-28,0.48753988512831714,0.525970458933375
2020-01-29,0.487493564554248,0.524700540573257
2020-01-30,0.49080166970015704,0.5651198922191525
2020-01-31,0.6344734413201084,0.56383980865546
2020-02-03,0.5399851075758871,0.7920995969565598
2020-02-04,0.9981772019043562,0.8649934615475374
2020-02-05,1.1933579129352603,1.1567913463667903
2020-02-06,0.9818098724849305,1.15557713105274
2020-02-07,0.69466493434977,1.1543366231722618
2020-02-10,0.5762753091571361,1.1445000888313026
2020-02-11,0.5897948429432828,1.1416770301942087
2020-02-12,0.5561673554360622,1.1171325689395633
2020-02-13,0.5391747225093371,1.1213842721014102
2020-02-14,0.6419043185329115,1.1067171323738434
2020-02-18,0.5723267955546363,1.1138057377924024
2020-02-19,0.7679635374861298,1.1171857447833817
2020-02-20,0.8173127764103264,1.1181812160228646
2020-02-21,0.6253977494150198,1.1189762122232538
2020-02-24,0.573265046068719,1.1699257027350078
2020-02-25,0.568445942363806,1.1835006453264503
2020-02-26,0.5599473137152007,1.1890415916654342
2020-02-27,0.5425431048734392,1.3018335982547895
2020-02-28,0.5926162280660177,1.303225101686638
2020-03-02,0.5833894556069118,1.311768329910909
2020-03-03,1.0685279020525846,1.3115217296539357
2020-03-04,0.7553833860685903,1.1470859922060084
2020-03-05,0.6857295099525972,1.047951498988841
2020-03-06,0.6417865290191229,0.8277301617275149
2020-03-09,0.6171910438840901,0.9610462520792228
2020-03-10,0.8585303885263518,0.9906161566156207
2020-03-11,0.9426708363617349,0.9815703203178099
2020-03-12,0.9050554842278362,1.0562890869746582
2020-03-13,1.0812385849326565,1.0565582110139426
2020-03-16,0.9951225441640932,1.216626699901397
2020-03-17,1.4167324717125487,1.2138014162026882
2020-03-18,1.3713457266507234,1.255809103789743
2020-03-19,1.6617894068571026,1.4072375157438801
2020-03-20,1.9214024304048907,1.4117576982495537
2020-03-23,1.7305185492693713,1.4171908327162195
2020-03-24,1.6625818488858686,1.5453526600473229
2020-03-25,1.7294710750881634,1.5742464523230604
2020-03-26,1.689003139963029,1.5740016413189866
2020-03-27,1.6334166733565147,1.5144590878854742
2020-03-30,1.5670364631359457,1.5148954992597004
2020-03-31,1.4952802985280575,1.465680281296477
2020-04-01,1.4517236069842,1.4822065745119954
2020-04-02,1.44638339656973,1.4843357536977777
2020-04-03,1.418292165901646,1.508282607882154
2020-04-06,1.3651839422661973,1.5410766997018381
2020-04-07,1.3457515670322318,1.481686183154908
2020-04-08,1.3032700513392976,1.4637192555263894
2020-04-09,1.227797181398594,1.4736407663671132
2020-04-13,1.1886648229344094,1.4755377307235646
2020-04-14,1.2896001724837312,1.4954344084845734
2020-04-15,1.299465457590452,1.2680674098749023
2020-04-16,1.256894421596939,1.2508301926954368
2020-04-17,1.200232657332141,1.0186975937658338
2020-04-20,1.1454854970834978,0.9048344550220702
2020-04-21,1.0829726111638474,0.9785017554595846
2020-04-22,1.1640420147227581,0.9884855800476741
2020-04-23,1.1756550545251323,0.8966478575296977
2020-04-24,1.1534504471597942,0.8795507309971039
2020-04-27,1.1191523928797373,0.914271682247042
2020-04-28,1.1682831336709871,0.9222849331436984
2020-04-29,1.1443603772834852,0.911088212225542
2020-04-30,1.126880057982022,0.9211832087961668
2020-05-01,1.0962998091064142,0.958633798582749
2020-05-04,1.1505048052044955,0.9415362788045827
2020-05-05,1.162481475781267,0.936376767740393
2020-05-06,1.1334835272233663,0.9182889003355994
2020-05-07,1.1062595200410812,0.9122936200643815
2020-05-08,1.0730375367816116,0.9180221514033025
2020-05-11,1.0657539952300996,0.9189451856555552
2020-05-12,1.0302907933801866,0.8268135069842872
2020-05-13,0.9890145586230188,0.7855709257901905
2020-05-14,0.9576990087253558,0.7822907801178565
2020-05-15,0.9159464376313609,0.7806604403141885
2020-05-18,0.8650987557291463,0.7818155677025059
2020-05-19,0.8280160819449056,0.7812048902202731
2020-05-20,0.7849005662444937,0.7141566658756713
2020-05-21,0.7315166517906413,0.685442134564101
2020-05-22,0.6864790542465267,0.6715881786239891
2020-05-26,0.6522033807331533,0.6676219094212853
2020-05-27,0.6144491487183463,0.5800418620031419
2020-05-28,0.5682210327681796,0.5670340361863003
2020-05-29,0.5498235257431682,0.5635202432137795
2020-06-01,0.5754625506974186,0.6057907948486546
2020-06-02,0.6903955471478865,0.4499884347602399
2020-06-03,0.679983670683573,0.3689768756747802
2020-06-04,0.6613911921895829,0.3816370476232761
2020-06-05,0.6463252666785649,0.3846201058845911
2020-06-08,0.6473944037688318,0.4421669861603249
2020-06-09,0.7156336678178253,0.4219259934474755
2020-06-10,0.6988221000511982,0.4983566884972034
2020-06-11,0.7949170693102825,0.5433679991903738
2020-06-12,0.8206437009958819,0.5581436382697619
2020-06-15,0.8218764759916792,0.583925811111735
2020-06-16,0.8336387209747613,0.5852764391606822
2020-06-17,0.8211550310279907,0.5845330574084864
2020-06-18,0.7909621706057741,0.5815353983414195
2020-06-19,0.7638841561570366,0.5833850097832425
2020-06-22,0.7493921668827834,0.5857740800967678
2020-06-23,0.7263289995710859,0.5804511044372006
2020-06-24,0.7006266779858252,0.6069723227314981
2020-06-25,0.7227233955497191,0.6097490390702437
2020-06-26,0.7038928424754229,0.6156187422502181
2020-06-29,0.6999324253419225,0.6259376216737016
2020-06-30,0.7141344819038525,0.6192785873324238
2020-07-01,0.7648403911972611,0.6178646700883512
2020-07-02,0.7572978883765087,0.6562220726387824
2020-07-06,0.8421780754292095,0.7467598226544201
2020-07-07,1.0970892603126805,0.7473096857539525
2020-07-08,1.0089994916133778,0.7370000649219445
2020-07-09,0.9525285969358457,0.7304192751967282
2020-07-10,0.9218239446080327,0.7514900331389329
2020-07-13,1.0663594635200329,0.7294197815162818
2020-07-14,1.0294144810019519,0.6970566767662073
2020-07-15,0.9878884681025928,0.6855486425761954
2020-07-16,0.9457094099641448,0.7007507472213466
2020-07-17,0.9187060035749232,0.7033492046953757
2020-07-20,0.8749876003708047,0.7439191030494794
2020-07-21,0.9737334854103544,0.7778687337479446
2020-07-22,0.962814419309784,0.7716323901157822
2020-07-23,0.921474686877801,0.81152867563644
2020-07-24,0.9167902953987123,0.8380625303387477
2020-07-27,0.943687709563588,0.8672385420127283
2020-07-28,1.0358380512068006,0.8791094877074086
2020-07-29,0.9921316778278043,0.8724623563984932
2020-07-30,0.9186238287386186,0.8584329110184158
2020-07-31,0.8430164133478061,0.8745946356967288
2020-08-03,0.8383731617431479,0.8480764757165564
2020-08-04,0.7989844107351767,0.7343736619779286
2020-08-05,0.731748037378118,0.7337600832818336
2020-08-06,0.6578224667895434,0.7299503848230902
2020-08-07,0.5931316569449514,0.7341013955216188
2020-08-10,0.6080336653570048,0.640719819493085
2020-08-11,0.606219415086253,0.6409058060611813
2020-08-12,0.6387810995048765,0.7773082452234217
2020-08-13,1.0836018662424756,0.7877673797354172
2020-08-14,0.9815112579998857,0.7806730855045996
2020-08-17,0.8700364690135166,0.8559480112896269
2020-08-18,1.0962167997683843,0.807402298059936
2020-08-19,0.9774437373559295,0.7854262843559812
2020-08-20,0.8670124533138606,0.8081026044250653
2020-08-21,0.9357024489191695,0.7767830290888623
2020-08-24,0.8212322064188805,0.7308947640251323
2020-08-25,0.7508944513497271,0.690738754139259
2020-08-26,0.6768695054441768,0.6805671760404908
2020-08-27,0.7724104875917439,0.6843237552512592
2020-08-28,0.7468837476441065,0.6862200046735861
2020-08-31,0.6963965569832358,0.7339029904482613
2020-09-01,0.9912276286664575,0.7760469087572105
2020-09-02,1.03638593307882,0.8246043566754783
2020-09-03,1.083367962793466,0.9127503727133052
2020-09-04,1.3084590028029213,0.9126381256793279
2020-09-08,1.1528176254495115,1.2606143867988004
2020-09-09,2.6002692196165356,1.299276346734392
2020-09-10,2.327239140580462,1.28947264370624
2020-09-11,1.869306868879917,1.22715494871992
2020-09-14,1.6324669584469795,1.280912617864787
2020-09-15,1.6672060661592862,1.2960634140099239
2020-09-16,1.52661846112727,1.256413782183844
2020-09-17,1.3062113985846682,1.2665639190758735
2020-09-18,1.1832284862078672,1.2726091608116246
2020-09-21,1.0610565676943204,1.2569171522043248
2020-09-22,0.9019998295087854,1.2735209280270943
2020-09-23,1.001317290632916,1.3292115841151086
2020-09-24,1.363729089535722,1.3312213005024236
2020-09-25,1.2189874534405651,1.3240581530919906
2020-09-28,1.1820950711544642,1.3220091652102413
2020-09-29,1.0942593765561823,1.3216798266222967
2020-09-30,0.9516295832375465,1.251194206852089
2020-10-01,0.8541423810136048,1.253842205994798
2020-10-02,0.8273502575957343,1.2646811080694886
2020-10-05,1.0308838243507852,1.2234694210333317
2020-10-06,0.9544815679633567,1.2240607450017595
2020-10-07,0.9150398008122771,0.8742318778173523
2020-10-08,0.8559325278175028,0.8084945172258958
2020-10-09,0.78764175754068,0.8092019825121786
2020-10-12,0.7285882823958985,0.8100410010930467
2020-10-13,0.685962054204975,0.7039988323712779
2020-10-14,0.6592603578006098,0.6708703577529539
2020-10-15,0.6747173485645003,0.6750007519303934
2020-10-16,0.6877142538578813,0.6616009789095534
2020-10-19,0.6730825966346778,0.6479035157176337
2020-10-20,0.6606533131026421,0.648037745128274
2020-10-21,0.6452909803000892,0.616876510056175
2020-10-22,0.5904157439726486,0.4727238847045659
2020-10-23,0.5443389404892858,0.47360172321231925
2020-10-26,0.5091407673934251,0.4440774859528462
2020-10-27,0.47482679433923636,0.4301295945019321
2020-10-28,0.44600428074962034,0.457785361826655
2020-10-29,0.5299934882154774,0.45151568014480276
2020-10-30,0.5122268773374576,0.45776938318296795
2020-11-02,0.6155325328880676,0.39975364944056624
2020-11-03,0.633293829040117,0.4394936338937059
2020-11-04,0.7370008171018996,0.42873244913514325
2020-11-05,0.6851351161598814,0.4407740205926919
2020-11-06,0.7036054591286505,0.446274349212378
2020-11-09,0.6761549727452524,0.4466369439683922
2020-11-10,0.6513389494067314,0.4480891885985516
2020-11-11,0.64523145210654,0.4511277725681816
2020-11-12,0.6254743895762281,0.4330926077204732
2020-11-13,0.6010766697087029,0.4259015566627698
2020-11-16,0.5715983635428892,0.42188574180046967
2020-11-17,0.5373095374343261,0.5042546449852262
2020-11-18,0.7823311225185899,0.5964409555007927
2020-11-19,1.0384833543134129,0.5996098747440229
2020-11-20,0.9600172815887199,0.6071261836208258
2020-11-23,0.8841282258139722,0.6338584773821336
2020-11-24,0.9220147570508522,0.6571992914704201
2020-11-25,0.9610222689818785,0.6606015588163568
2020-11-27,0.9053221559015916,0.6245055013158175
2020-11-30,0.8371633337876706,0.6470422864714657
2020-12-01,0.8104842778213117,0.5921026695460055
2020-12-02,0.7767047423059958,0.6120968420766291
2020-12-03,0.7514408093191668,0.6021280143516963
2020-12-04,0.756448896320774,0.5969160597796702
2020-12-07,0.7047582198176211,0.6191120436091462
2020-12-08,0.8168745532876407,0.604910959117128
2020-12-09,0.7562717160115092,0.6714920143433024
2020-12-10,0.9286196358457889,0.6554157597473789
2020-12-11,0.8768250164462807,0.6760342402478725
2020-12-14,0.832663093239869,0.6736062199994926
2020-12-15,0.8263180930735334,0.6749486201105674
2020-12-16,0.7736614568122381,0.6834871923474464
2020-12-17,0.7303012321330234,0.6601494070843964
2020-12-18,0.7770909998330077,0.6139499862200674
2020-12-21,0.8261900225005742,0.6782321748446408
2020-12-22,0.9362525482027796,0.6755792822861137
2020-12-23,0.858962296001566,0.6496418951832442
2020-12-24,0.7951831563739338,0.6240288250317225
2020-12-28,0.7588543654892788,0.6177370361168363
2020-12-29,0.7110667813914321,0.615896280276088
2020-12-30,0.6762272210397832,0.612175723241802
2020-12-31,0.706498316931506,0.6082437362155382
2021-01-04,0.676594543582676,0.5987402637044754
2021-01-05,0.683538105985137,0.588532437561427
2021-01-06,0.6459576796101102,0.5917338274430279
2021-01-07,0.6472301564414527,0.6015408592831987
2021-01-08,0.820644671294051,0.641199056276548
2021-01-11,0.9258505414244973,0.657162631774074
2021-01-12,1.0904823813949296,0.6620306802293121
2021-01-13,1.018033177747515,0.6451744233754596
2021-01-14,0.9007791931632227,0.6409120024878937
2021-01-15,0.8194385135977525,0.647930481190969
2021-01-19,0.7678648751666571,0.6396581614262289
2021-01-20,0.7236835871673174,0.6253942402705687
2021-01-21,0.6815574789028324,0.6057786092448414
2021-01-22,0.6452555344200788,0.5395572729666582
2021-01-25,0.6034136194055073,0.5376634244109393
2021-01-26,0.6444787291409501,0.5390146243938703
2021-01-27,0.5997771221423434,0.5523005889689668
2021-01-28,0.5863419788895512,0.5747004039404777
2021-01-29,0.6165160043006486,0.6138775390041254
2021-02-01,0.7210754599950423,0.625795448496708
2021-02-02,0.787469720611143,0.6338185473535364
2021-02-03,0.7531419646797753,0.6365340015407601
2021-02-04,0.7152314773593235,0.63813675304383
2021-02-05,0.6734605825963342,0.6336122494637302
2021-02-08,0.6288270184141044,0.5802375446576847
2021-02-09,0.5973457864216121,0.5190353170940363
2021-02-10,0.5832817394227838,0.4724967990286602
2021-02-11,0.736252453933857,0.4429474007434149
2021-02-12,0.667653133941965,0.44286851993207316
2021-02-16,0.618499738269219,0.44878219945864967
2021-02-17,0.6142028423079974,0.44326151870652575
2021-02-18,0.5747640296435192,0.43642333467112665
2021-02-19,0.5534440567222334,0.43502222183295913
2021-02-22,0.5194287056787382,0.5261221243364115
2021-02-23,0.8908703193153743,0.5270126253581757
2021-02-24,0.7955275124057447,0.5547666329090852
2021-02-25,0.8333212933004263,0.6118119523810954
2021-02-26,1.0359257364391492,0.610896190678036
2021-03-01,0.9161812356761861,0.6552599836141231
2021-03-02,0.9097868793753692,0.6505349250203613
2021-03-03,0.8997362364903987,0.6232771066565298
2021-03-04,0.8872761937405153,0.6080725609120219
2021-03-05,0.8780056568467689,0.6128436440696139
2021-03-08,0.8313762223652139,0.6290058328704499
2021-03-09,0.8828616989333196,0.9323992696842105
2021-03-10,1.5256231325138794,0.9283320443475144
2021-03-11,1.2279900559577768,0.949813342156882
2021-03-12,1.0669248722349318,0.9357820100405931
2021-03-15,0.9103140788842422,0.9391420713723483
2021-03-16,0.7548359437897088,0.947201791529113
2021-03-17,0.816780455360997,0.9578280738270368
2021-03-18,0.745983146904712,0.9837855619075755
2021-03-19,0.9331741700034377,0.9845478181537707
2021-03-22,0.8202994498196019,0.9906332411257279
2021-03-23,0.7416843315807652,0.9450651786121208
2021-03-24,0.6649675673348227,0.9564156049053423
2021-03-25,0.7686243662881586,0.9306008648609582
2021-03-26,0.6889335143270674,0.8940337505243646
2021-03-29,0.7010571584154764,0.8942253708279627
2021-03-30,0.6425322982191076,0.876347243320172
2021-03-31,0.6576853947229315,0.8839509568727548
2021-04-01,0.7006827595216909,0.8670424009227258
2021-04-05,0.6457881545241352,0.8587472650748422
2021-04-06,0.6767584162800031,0.8442772593270985
2021-04-07,0.6231885803367173,0.8203143043880112
2021-04-08,0.6491390051925832,0.5390499317082792
2021-04-09,0.6208958014441872,0.5394462900059712
2021-04-12,0.5848316993123637,0.5299091717346505
2021-04-13,0.6149311909357922,0.6002176838533718
2021-04-14,0.7999103158783756,0.6165765578794157
2021-04-15,0.7998173342348888,0.5932143681063815
2021-04-16,0.7046393161204183,0.5817033843467642
2021-04-19,0.643260001250852,0.5340739630209757
2021-04-20,0.6714190726740763,0.5340725698662822
2021-04-21,0.6128050031764496,0.5405192110730147
2021-04-22,0.6283461668486552,0.5539827362544151
2021-04-23,0.6615413606910848,0.5194463969703271
2021-04-26,0.6148714216225142,0.5187681229187396
2021-04-27,0.5797064166186566,0.5322004232895171
2021-04-28,0.7035290484263692,0.5334563893124542
2021-04-29,0.6427226278169892,0.5299621112242454
2021-04-30,0.6367040837542147,0.5269647582493112
2021-05-03,0.6744498035159627,0.5419312321229299
2021-05-04,0.6800271240808844,0.5233005241014334
2021-05-05,0.626680891754176,0.5233275126538702
2021-05-06,0.58968342965057,0.5141232886628363
2021-05-07,0.566320631829088,0.5117696878230171
2021-05-10,0.5461047092511141,0.5599082500558851
2021-05-11,0.7131641439897503,0.5429854953739326
2021-05-12,0.6674170771483556,0.45326358257944444
2021-05-13,0.7061499659371752,0.4473128988893288
2021-05-14,0.6906452072355631,0.46637919374164427
2021-05-17,0.6726283998007002,0.46583993536557206
2021-05-18,0.6494287123606435,0.46048251408089896
2021-05-19,0.6153047743521259,0.45938708972665887
2021-05-20,0.6189003717789423,0.4676294010350511
2021-05-21,0.6499224829056148,0.46068798889680973
2021-05-24,0.62328638328857,0.4903399754525606
2021-05-25,0.6558508854403045,0.48507365852043804
2021-05-26,0.6234911601504234,0.47855883382428593
2021-05-27,0.6144390368767735,0.4850091247006324
2021-05-28,0.60022202270466,0.47943812742669245
2021-06-01,0.5817315896973987,0.4429539290277379
2021-06-02,0.5645518056315895,0.43939261593291257
2021-06-03,0.5928123857327519,0.46999512647950176
2021-06-04,0.6903295726433171,0.5039474037588967
2021-06-07,0.6990850628797596,0.506271064861955
2021-06-08,0.6460166165617781,0.5022922652431266
2021-06-09,0.6096989042979575,0.45024599146276506
2021-06-10,0.5774817126354012,0.4516476347665247
2021-06-11,0.5703131581715397,0.42141772724805976
2021-06-14,0.5499913776648536,0.4053717551018904
2021-06-15,0.5413433496799445,0.40868308668512077
2021-06-16,0.575858482777477,0.4008856649468885
2021-06-17,0.5552375073959183,0.40514625297298745
2021-06-18,0.5505119903625911,0.39242243124836174
2021-06-21,0.5313120520698387,0.37105110505024386
2021-06-22,0.50796441938495,0.3681500144601327
2021-06-23,0.48590914150130565,0.38031299584488565
2021-06-24,0.5685379951128479,0.3941401528931033
2021-06-25,0.5814257866064242,0.39280025947491704
2021-06-28,0.5567434470237157,0.3962066687121988
2021-06-29,0.551980574560452,0.39742402697098367
2021-06-30,0.5346004512743269,0.3973201277166739
2021-07-01,0.5164765816368084,0.37794112971506616
2021-07-02,0.4971442365299758,0.3089171247512055
2021-07-06,0.48256739366962936,0.30408248228496254
2021-07-07,0.5132188036060638,0.31771740979993385
2021-07-08,0.5133254182940623,0.31870119863823815
2021-07-09,0.4957959620221475,0.315906671828603
2021-07-12,0.4759339673009971,0.3397826925701597
2021-07-13,0.5416510246926813,0.3559052973371867
2021-07-14,0.5403627388905337,0.36664416557539753
2021-07-15,0.5323377823978566,0.3479632683070442
2021-07-16,0.5056000629429561,0.3505725426440356
2021-07-19,0.48751714382618483,0.34559584886816175
2021-07-20,0.4674664437960006,0.3511205281535962
2021-07-21,0.4727013006204226,0.352334752420417
2021-07-22,0.4567671084569392,0.354585021642234
2021-07-23,0.4427344745433473,0.307046323927328
2021-07-26,0.4296868162025737,0.2909358511574932
2021-07-27,0.4409973704200252,0.29570961877635804
2021-07-28,0.4476756128122064,0.2802333087323117
2021-07-29,0.42540853743037066,0.3250727904051125
2021-07-30,0.5085013782570773,0.32895418148964106
2021-08-02,0.48324241201743234,0.3463858692537233
2021-08-03,0.5003366344826237,0.3464532279810139
2021-08-04,0.4709272264310367,0.3276818887052425
2021-08-05,0.4426780100455207,0.31322559428527136
2021-08-06,0.41908833238246146,0.3252008764147259
2021-08-09,0.4224355007522038,0.3307073408185674
2021-08-10,0.421888399212259,0.3000082655139242
2021-08-11,0.4035188251420452,0.2842553027217478
2021-08-12,0.3854387983931636,0.27428841945045207
2021-08-13,0.3927889320329119,0.27561599848113677
2021-08-16,0.3757113675877893,0.3203885612107137
2021-08-17,0.4589648841450287,0.34048763196790793
2021-08-18,0.4836196031733751,0.3525034753916664
2021-08-19,0.49647773597150996,0.3614270860650459
2021-08-20,0.48655746588996235,0.36050621066265254
2021-08-23,0.4649643428053566,0.3778676320413409
2021-08-24,0.4841837437264015,0.37250331977345275
2021-08-25,0.45992817662945207,0.3627764447444199
2021-08-26,0.44018197524701397,0.36863892105222523
2021-08-27,0.43171288580544914,0.3386688138981161
2021-08-30,0.4227709215348598,0.3464205186692162
2021-08-31,0.4296871418955061,0.3301626821909213
2021-09-01,0.4155926636860913,0.3304031689972985
2021-09-02,0.4013075019689765,0.33068233271236225
2021-09-03,0.3882584902317383,0.33039778854677737
2021-09-07,0.37642406360059477,0.3297449403522579
2021-09-08,0.3954133057306981,0.32377758315098754
2021-09-09,0.3290925007810599,0.32255307178999826
2021-09-10,0.29774053053739885,0.33627108913329995
2021-09-13,0.3252810260504552,0.330817075938688
2021-09-14,0.31839417938184883,0.3294017073689436
2021-09-15,0.2825637190209177,0.28637748338896024
2021-09-16,0.2797225728124938,0.2572906860081312
2021-09-17,0.26857332863341676,0.23592617515672895
2021-09-20,0.25984925466862513,0.26537610895181596
2021-09-21,0.3194997511925042,0.2662510646704202
2021-09-22,0.3091611219641367,0.24186566968986564
2021-09-23,0.30665223054535495,0.24187809362275872
2021-09-24,0.3044016925643894,0.25604502642782717
2021-09-27,0.31888021217699575,0.2539554174044173
2021-09-28,0.3238314243979024,0.2638000882388524
2021-09-29,0.3250822616403564,0.25129581756299274
2021-09-30,0.30939661449637446,0.25361399416352937
2021-10-01,0.2967508737582727,0.25325571614875936
2021-10-04,0.28266739262084367,0.25328160583969817
2021-10-05,0.2843736922280458,0.2536763013911696
2021-10-06,0.27062817947804435,0.2394092171905652
2021-10-07,0.25811596599584175,0.2429223699195292
2021-10-08,0.2544273747832122,0.24689374168001904
2021-10-11,0.24556409303519416,0.22743452567103453
2021-10-12,0.23329153091980023,0.23168936334796295
2021-10-13,0.23540805012210653,0.23177681906372372
2021-10-14,0.22394478114124836,0.22902697310927728
2021-10-15,0.21821792506255935,0.24577941408405052
2021-10-18,0.24748164397136121,0.26215712031294675
2021-10-19,0.27921593794351973,0.20929415830990888
2021-10-20,0.2661594835705984,0.20969620856117865
2021-10-21,0.2505939625328827,0.22432665637304286
2021-10-22,0.27792765883707143,0.22536268156322486
2021-10-25,0.27418599386502124,0.44125366520154385
2021-10-26,0.5491233631108492,0.4452188806831039
2021-10-27,0.4908423677955513,0.43240627882524874
2021-10-28,0.4592441388215024,0.43839264396780414
2021-10-29,0.49123674786053073,0.43465341430334353
2021-11-01,0.49272459582137895,0.4827216981607373
2021-11-02,0.6436354564758808,0.5137090520526602
2021-11-03,0.6287657493995082,0.5108387449664741
2021-11-04,0.637912913315235,0.5074190957159815
2021-11-05,0.5952663831774089,0.5160245045763274
2021-11-08,0.5645114715112604,0.5616108088638447
2021-11-09,0.5913534425220186,0.7569821561193085
2021-11-10,0.8534838534612178,0.7641245846307441
2021-11-11,0.8351251328153682,0.7662451743443021
2021-11-12,0.7763618249069386,0.7796730475548669
2021-11-15,0.7477334373213421,0.7835297081750582
2021-11-16,0.7143667607252352,0.7871321207527929
2021-11-17,0.709400626711197,0.7887048847846303
2021-11-18,0.6946206600349952,0.7881586958850685
2021-11-19,0.670419320835025,0.7897602621361861
2021-11-22,0.6624530003249288,0.789749475823408
2021-11-23,0.6373652897233463,0.7057086172326527
2021-11-24,0.6447828800716274,0.704794967694323
2021-11-26,0.622647055380131,0.7129795718527124
2021-11-29,0.6146088477760228,0.722061083511119
2021-11-30,0.6267365986485818,0.7133917499611253
2021-12-01,0.601545142276443,0.6668776964288141
2021-12-02,0.6120252120917482,0.6604590236906134
2021-12-03,0.5879016937240548,0.6786398200934187
2021-12-06,0.6447465763076304,0.6741753795677748
2021-12-07,0.6153529408351455,0.6969086306306554
2021-12-08,0.6221271988946485,0.6835552625333357
2021-12-09,0.5980617295865547,0.5617609563200179
2021-12-10,0.6460025059466945,0.541994199440769
2021-12-13,0.6223664584191129,0.5677260804884305
2021-12-14,0.6447930497842389,0.5611461574131581
2021-12-15,0.6203681666594922,0.5627809720695999
2021-12-16,0.5978688453043225,0.5665198895968424
2021-12-17,0.6243607542865255,0.5514543401103469
2021-12-20,0.6002110893155576,0.5572719000799204
2021-12-21,0.6049878293284296,0.5633274194235528
2021-12-22,0.6134687785899985,0.6246919626757078
2021-12-23,0.6667752997635743,0.6462632879224518
2021-12-27,0.6795007218628458,0.6524202227222409
2021-12-28,0.6569460924531386,0.6434802666736048
2021-12-29,0.6251148430491611,0.6179268392752999
2021-12-30,0.5943048325818504,0.6184774321650665
2021-12-31,0.5739833453349729,0.6013581141452813
2022-01-03,0.5482657613552678,0.7470423951042393
2022-01-04,0.7352954807468458,0.7227814136004359
2022-01-05,0.7361748229184086,0.752273642037915
2022-01-06,0.765170002476466,0.7439918978573534
2022-01-07,0.7397452408930775,0.7521581486311668
2022-01-10,0.7377225367173845,0.7255733354733136
2022-01-11,0.7207201661467127,0.7246796295668726
2022-01-12,0.6919943226464966,0.7080404785880233
2022-01-13,0.6769801231512345,0.7547926214017533
2022-01-14,0.7571506322483267,0.7546201795608025
2022-01-18,0.7251409293925402,0.7325375201077097
2022-01-19,0.6990000923589074,0.7451386680819695
2022-01-20,0.6901481313887367,0.7318600847599243
2022-01-21,0.6571999076464997,0.7458759168483532
2022-01-24,0.6862283785297237,0.6995256381673479
2022-01-25,0.6632836668557317,0.6650261924107281
2022-01-26,0.6347064712835442,0.6624970851559545
2022-01-27,0.6126376197138231,0.7735538437349335
2022-01-28,0.854497077749277,0.7815209505541663
2022-01-31,0.825435410926625,0.8743095359996016
2022-02-01,0.9195790168127637,0.87399979404756
2022-02-02,0.8763701281082594,0.729969759182186
2022-02-03,0.8485265229509753,0.7222753673382832
2022-02-04,0.8090374969695915,0.72264411760673
2022-02-07,0.7790759649133944,0.7217521559666641
2022-02-08,0.7446606988018176,0.7184179081510427
2022-02-09,0.7125242215245309,0.7096777866907461
2022-02-10,0.6929087872485136,0.7129084700430917
2022-02-11,0.6729993046938061,0.7067676494506226
2022-02-14,0.6782568192684645,0.6812496607962999
2022-02-15,0.6524019662194136,0.7073544619574005
2022-02-16,0.6578742652019184,0.7063258097146701
2022-02-17,0.6292862282750955,0.7182443535788604
2022-02-18,0.6402640234057374,0.7199509682534824
2022-02-22,0.6271546684629657,0.7114205000125273
2022-02-23,0.6268263275971043,0.7470262935169486
2022-02-24,0.6846368182022413,0.7718505230670978
2022-02-25,0.6912857609470133,0.7684474709651666
2022-02-28,0.6631395891974776,0.6910175521265549
2022-03-01,0.7079137114900479,0.6884264409798447
2022-03-02,0.6825346083832247,0.5883479537225801
2022-03-03,0.6625407475253333,0.608033288256176
2022-03-04,0.6729266206071551,0.6023626218070578
2022-03-07,0.6475207943235892,0.6148948273703819
2022-03-08,0.6536737091830297,0.606845125424208
2022-03-09,0.6420524120262205,0.6257683758600013
2022-03-10,0.6486230723300661,0.6262517776071852
2022-03-11,0.6396968540003827,0.6449257366359509
2022-03-14,0.6373591431118454,0.6485536092142374
2022-03-15,0.6293214351178367,0.6541384932112226
2022-03-16,0.6425571513980806,0.6731520459989493
2022-03-17,0.6574362485626241,0.6596966238774585
2022-03-18,0.660438988964509,0.6746178437042963
2022-03-21,0.662671793131773,0.6505078272186042
2022-03-22,0.6516732326402619,0.6914470526938363
2022-03-23,0.7062586104919387,0.6679544253514713
2022-03-24,0.6909851490492284,0.5979238092913942
2022-03-25,0.6772857455388199,0.5877059868053769
2022-03-28,0.6620274638248831,0.6308712175037389
2022-03-29,0.717811075655025,0.5948819404913658
2022-03-30,0.7005073253753274,0.5941893713338404
2022-03-31,0.684893527440426,0.6004923387588114
2022-04-01,0.6679763915610394,0.5640965695435435
2022-04-04,0.651546763403498,0.5802683296012633
2022-04-05,0.6736836132691159,0.589769239273366
2022-04-06,0.673881640502488,0.6204905384533281
2022-04-07,0.66845717148557,0.610992460951256
2022-04-08,0.6525214907741965,0.6156912334671748
2022-04-11,0.6432497265132784,0.611877599051127
2022-04-12,0.6477893499311609,0.5876659113159548
2022-04-13,0.63570331017535,0.5814992730988867
2022-04-14,0.6355158356990878,0.5902276395834603
2022-04-18,0.6304282044137233,0.5824884268470671
2022-04-19,0.621642514162763,0.5747688430198603
2022-04-20,0.6135696009319571,0.6056053940388939
2022-04-21,0.6177680052206044,0.5554533754799134
2022-04-22,0.6169522953063165,0.5554074530953351
2022-04-25,0.6022374051523813,0.5533907945453673
2022-04-26,0.587022203842884,0.711884859450246
2022-04-27,0.6764421499743564,0.6454930358470843
2022-04-28,0.6515364266056879,0.6428332449679846
2022-04-29,0.6291050770660847,0.642606010386479
2022-05-02,0.6270276048522027,0.6626863530869816
2022-05-03,0.6329062294161115,0.6628296326283288
2022-05-04,0.6125036508872297,0.6537678447544721
2022-05-05,0.6237775977658436,0.6954813652402886
2022-05-06,0.6534429286334551,0.6856865798237649
2022-05-09,0.6295846945902975,0.7428603556875604
2022-05-10,0.7031788740976698,0.7474728566521287
2022-05-11,0.678661738670824,0.7807727558731181
2022-05-12,0.7420629546770202,0.7758834722937433
2022-05-13,0.7090447557845538,0.7952271981906484
2022-05-16,0.7352430642550438,0.8079884231968807
2022-05-17,0.7559502163966901,0.8309887074035655
2022-05-18,0.7677522760498801,0.8424035484875383
2022-05-19,0.7986432916707932,0.8354259191353972
2022-05-20,0.7652957392722998,0.8349364250928663
2022-05-23,0.7925324593671866,0.8427424792908802
2022-05-24,0.7645382454528673,0.8608350615314183
2022-05-25,0.7973827633468515,0.7978976959063302
2022-05-26,0.8004105498571198,0.8490246733699033
2022-05-27,0.8294016307439572,0.8944984371951159
2022-05-31,0.8510642684811996,0.8946621870982348
2022-06-01,0.8298214599903394,0.8825246913007839
2022-06-02,0.8141312836102002,0.9016086584257401
2022-06-03,0.8105547373566714,0.9293122127432627
2022-06-06,0.8553791273580167,0.8958789328147332
2022-06-07,0.8366500924413923,0.8968569736493535
2022-06-08,0.8169510467519268,0.8424587787490598
2022-06-09,0.7999615759351945,0.839378211906611
2022-06-10,0.7836870075559765,0.7930172419412278
2022-06-13,0.7737066781061873,0.8305066873253394
2022-06-14,0.7980729265507622,0.8079292181774583
2022-06-15,0.7865856901906748,0.8093836274550298
2022-06-16,0.7921291556855573,0.8403787120538506
2022-06-17,0.8346829265917158,0.813117844191272
2022-06-21,0.817693052269381,0.8755085139306349
2022-06-22,0.8571362614732732,0.8419020002676867
2022-06-23,0.8395673824494273,0.8408229485387128
2022-06-24,0.8141143338627553,0.8078155334579044
2022-06-27,0.8114840159339228,0.7951877307220943
2022-06-28,0.7982124289876331,0.7796739017582102
2022-06-29,0.8010965974412102,0.7366812012556061
2022-06-30,0.7896331824624547,0.7379061140372842
2022-07-01,0.7762729146173508,0.73730325498867
2022-07-05,0.7616206878902974,0.7231995422336117
2022-07-06,0.7498479211970923,0.6417343935973104
2022-07-07,0.7402920507634647,0.6669245296834303
2022-07-08,0.750773864197141,0.6720470035189229
2022-07-11,0.7409061656200814,0.712959732171656
2022-07-12,0.7535518601184434,0.712599307449343
2022-07-13,0.7473268225064323,0.7063718831565177
2022-07-14,0.7425478007018803,0.6521108038957234
2022-07-15,0.7346766035690782,0.6486054571643426
2022-07-18,0.7181904614811089,0.6232126721011259
2022-07-19,0.6995529670164553,0.5308810977378741
2022-07-20,0.6826247971511885,0.52959684548734
2022-07-21,0.6659773087076699,0.5373990966806916
2022-07-22,0.7363189564826627,0.5363217767212838
2022-07-25,0.7194033682169619,0.5399294847359717
2022-07-26,0.7016761029275882,0.5407405917403421
2022-07-27,0.6982850996390849,0.5753641384161687
2022-07-28,0.7177033430662283,0.5390080604374481
2022-07-29,0.702192624205318,0.5532899489506564
2022-08-01,0.7383982598645271,0.5442834835429886
2022-08-02,0.7228467641079279,0.5443318665153899
2022-08-03,0.7195983169076656,0.5436439812114515
2022-08-04,0.7039256797114887,0.5404078393303964
2022-08-05,0.6785840660238907,0.5898880864196625
2022-08-08,0.7060695748743143,0.5865294043094541
2022-08-09,0.6912524391692175,0.5340773930434162
2022-08-10,0.6822225542878246,0.5405024153121964
2022-08-11,0.6796361449280036,0.5554388169046469
2022-08-12,0.6650584530933236,0.5694596117587217
2022-08-15,0.6755708452686746,0.5732367356329563
2022-08-16,0.6659067101301689,0.576903972788332
2022-08-17,0.6581418111018091,0.5799340161949977
2022-08-18,0.6442145925410936,0.5819023835754391
2022-08-19,0.635084100112645,0.5041008651834797
2022-08-22,0.6239239551877801,0.5128463347264071
2022-08-23,0.6119710250785267,0.5130660742844658
2022-08-24,0.6124458783349214,0.49112684464777384
2022-08-25,0.5894204235022283,0.45201188766204164
2022-08-26,0.5658429813878151,0.4589476529397414
2022-08-29,0.5626533434951635,0.4144030698839177
2022-08-30,0.5462985008738325,0.42201447363971417
2022-08-31,0.547906788616647,0.4189744005360337
2022-09-01,0.5286759823398837,0.4095051955808566
2022-09-02,0.5075472019823092,0.41405826499333964
2022-09-06,0.505123470135473,0.352600477629513
2022-09-07,0.49082335977603303,0.37229573447830194
2022-09-08,0.5058078662392301,0.3684096237831155
2022-09-09,0.49687767511765224,0.36498572576070765
2022-09-12,0.5092465236553371,0.3541462558107335
2022-09-13,0.5016464564921641,0.34965947141923687
2022-09-14,0.5275131661407672,0.3554384881169382
2022-09-15,0.5367979779566632,0.35460191901225224
2022-09-16,0.5251520488783118,0.3534430866106834
2022-09-19,0.5116371876053296,0.3590286394199646
2022-09-20,0.5059562642965407,0.3504481428038968
2022-09-21,0.49125603957762215,0.3532737867665294
2022-09-22,0.5005866039114409,0.37490000486278247
2022-09-23,0.5369785340292166,0.40660506737839974
2022-09-26,0.5786192288964389,0.4071530118211812
2022-09-27,0.5656319254374854,0.40850128549926623
2022-09-28,0.5653402822740456,0.411133460775634
2022-09-29,0.5625802412951455,0.47220166278729264
2022-09-30,0.6429255202901741,0.4729182459349192
2022-10-03,0.6370138178570525,0.5617928472513943
2022-10-04,0.711657523360551,0.5698672777204569
2022-10-05,0.6979973268641274,0.5752862005920312
2022-10-06,0.6950064968600459,0.5571729506166003
2022-10-07,0.6818148067379128,0.5808270310683163
2022-10-10,0.7060558157443133,0.556436782409209
2022-10-11,0.6900276561653672,0.547894383828154
2022-10-12,0.682124458443777,0.5440516333631294
2022-10-13,0.6680997001645715,0.5293253641783843
2022-10-14,0.6542086657113877,0.5681724898346463
2022-10-17,0.6938770853364262,0.6405263478766067
2022-10-18,0.690448115975956,0.6325724085114017
2022-10-19,0.6775767184210465,0.636249185895229
2022-10-20,0.6641976897872894,0.6617308103303818
2022-10-21,0.697469679031707,0.6790162679972405
2022-10-24,0.6868299897832552,0.6684472288251933
2022-10-25,0.6763179378994677,0.7030991437613567
2022-10-26,0.6702718552551706,0.6956001584621085
2022-10-27,0.6579765540593673,0.689879118410045
2022-10-28,0.6465728509641048,0.6610586673065761
2022-10-31,0.6367203356477025,0.6610284082879798
2022-11-01,0.6268865165175057,0.5886665387997984
2022-11-02,0.6206098650481012,0.6063413937945941
2022-11-03,0.6444005222458272,0.5981671602574982
2022-11-04,0.634243917323044,0.6080130145750531
2022-11-07,0.6363836466119931,0.5927487974205764
2022-11-08,0.650672189263709,0.5980357660419857
2022-11-09,0.6494189977212289,0.6379331621800031
2022-11-10,0.7099175912126235,0.6959145318989863
2022-11-11,0.7021532966120135,0.6995458665464166
2022-11-14,0.6871492915660639,0.6530083340751257
2022-11-15,0.6810482587027765,0.6058308910558539
2022-11-16,0.6677328316620892,0.615613962696901
2022-11-17,0.6728968377525558,0.6141280060357358
2022-11-18,0.6647701545332906,0.5756519556096004
2022-11-21,0.6546900349020527,0.596527189573796
2022-11-22,0.6973762896494864,0.6019680987502235
2022-11-23,0.6821006465815899,0.637378869463726
2022-11-25,0.6758110573862772,0.6342118715151747
2022-11-28,0.6618136839002104,0.6338460070113242
2022-11-29,0.6496059168719654,0.6272895744590753
2022-11-30,0.6403541050267505,0.6930881039522667
2022-12-01,0.6327602685649202,0.6929077300280359
2022-12-02,0.623001191614624,0.6683871206677197
2022-12-05,0.6110525156623667,0.7004375014442086
2022-12-06,0.6543348533600016,0.6929023325882983
2022-12-07,0.6434993351856471,0.6806649347471533
2022-12-08,0.6441097681642409,0.6751302451249875
2022-12-09,0.6314415547972547,0.6360912390542269
2022-12-12,0.6250312086087582,0.6193485294405194
2022-12-13,0.6589418454447405,0.6187711951907944
2022-12-14,0.6671245450335426,0.6188297433304126
2022-12-15,0.660143517093055,0.6133564295113699
2022-12-16,0.6466235713081729,0.6195438261926167
2022-12-19,0.6607688003841995,0.6190521307181146
2022-12-20,0.6470899259047236,0.6705673673804518
2022-12-21,0.7091205371927046,0.6370906328075088
2022-12-22,0.694138309412705,0.6937897480730265
2022-12-23,0.7776172290604265,0.612121027096724
2022-12-27,0.7611905127976318,0.7029651257451695
2022-12-28,0.9148111427846053,0.7258508258845823
2022-12-29,0.8839081968823608,0.8052227386417826
2022-12-30,0.8723685461874,0.74093595779444
2023-01-03,0.8418222206306162,0.8257651364694217
2023-01-04,1.0294114441033921,0.8640672817255057
2023-01-05,0.9928794484936265,0.8518879497369146
2023-01-06,0.9660084100415078,0.8678024588288495
2023-01-09,0.9346926190239299,0.9093497808782866
2023-01-10,0.9087369409984657,0.9086229797792092
2023-01-11,0.8777356458846662,0.9116932265139379
2023-01-12,0.8505854546116668,0.8977539551277958
2023-01-13,0.8204834448559931,0.8923745878559711
2023-01-17,0.7941876849702733,0.937432817298199
2023-01-18,0.7867056513859019,0.9369493314231181
2023-01-19,0.7661808366584129,0.9264698419689877
2023-01-20,0.7422462138367403,0.9464818689784921
2023-01-23,0.725172544369576,0.9402695101157335
2023-01-24,0.7152673972821456,0.9401836109677949
2023-01-25,0.6959243177790104,0.8742174223711459
2023-01-26,0.6704348374674511,0.931212550060206
2023-01-27,0.6791176116282489,0.8471646449933289
2023-01-30,0.6834579325271276,0.8998114521742612
2023-01-31,0.7373130053832659,0.8773609786065227
2023-02-01,0.7209964093214312,0.8829133779570683
2023-02-02,0.7034918129922388,0.6980231870257352
2023-02-03,0.6894019357402672,0.6950128956949607
2023-02-06,0.672516925140152,0.666794455287307
2023-02-07,0.6578291801408443,0.6692334534048098
2023-02-08,0.64214937095507,0.6595539811769117
2023-02-09,0.627887748213065,0.6490108818036159
2023-02-10,0.6150149779068664,0.7016514787921235
2023-02-13,0.6447666454390742,0.7083611480261428
2023-02-14,0.6316335722908317,0.7197448957248703
2023-02-15,0.6277336129039326,0.6999398450651398
2023-02-16,0.6139674121815928,0.7409820411834722
2023-02-17,0.6538882314374301,0.7310242130263438
2023-02-21,0.6399547854727807,0.7721335050302208
2023-02-22,0.6687931995443227,0.7448776030356586
2023-02-23,0.6542338164870719,0.743807591563144
2023-02-24,0.6407341327246131,0.7571002125901868
2023-02-27,0.6401681001750601,0.6998064604454739
2023-02-28,0.6304274673241254,0.6173690469258434
2023-03-01,0.6176387179755785,0.5653893753230484
2023-03-02,0.6095975741598396,0.6034435811384137
2023-03-03,0.65003672360419,0.5952115894991957
2023-03-06,0.6368091353738115,0.5883054596188808
2023-03-07,0.6312066848786806,0.5986463820628212
2023-03-08,0.6315107736902643,0.5999608097218236
2023-03-09,0.632984674943452,0.6199029533138133
2023-03-10,0.6554546803035662,0.6121705818832115
2023-03-13,0.6411711530649212,0.5997388665966237
2023-03-14,0.6267472457719365,0.6092961418332311
2023-03-15,0.6184332033070542,0.6101111567232035
2023-03-16,0.6095951162216531,0.5522588934619281
2023-03-17,0.5970205527519789,0.5439104369996864
2023-03-20,0.5917570983226123,0.5182348446874134
2023-03-21,0.5783545038485127,0.5764254214833484
2023-03-22,0.5740515474906147,0.5571817706478653
2023-03-23,0.577744463076227,0.5535597194802417
2023-03-24,0.5686357211167964,0.5533010614101807
2023-03-27,0.5554170291661344,0.5477214354356765
2023-03-28,0.540919104395364,0.5118483483891532
2023-03-29,0.5298126990644106,0.5210969543504006
2023-03-30,0.5214464053467613,0.5204211382737094
2023-03-31,0.5071421462187439,0.5175057748925042
2023-04-03,0.5075399633746397,0.5533365033740233
2023-04-04,0.5705307417664021,0.5501851281834274
2023-04-05,0.5595292691647151,0.5543783464282088
2023-04-06,0.5709101692325161,0.5434195455434606
2023-04-10,0.5603324566824426,0.5099575528452799
2023-04-11,0.5494288370652229,0.5109496829890677
2023-04-12,0.5368248911314946,0.5270793319637518
2023-04-13,0.5451554066219619,0.5087270511980294
2023-04-14,0.5362636848983574,0.5058084112310548
2023-04-17,0.52388145990249,0.5024407300127358
2023-04-18,0.5122357497803436,0.49892325084299105
2023-04-19,0.5048599076793291,0.5006342088896689
2023-04-20,0.5010745237025797,0.5381396146330251
2023-04-21,0.6575467778275285,0.5358832286670695
2023-04-24,0.6429257720788459,0.5346201916281081
2023-04-25,0.6318867281654935,0.5347487632334296
2023-04-26,0.6200302474990292,0.5455768453031203
2023-04-27,0.6328944774730378,0.5737814617634743
2023-04-28,0.6255699550224949,0.5744349587519375
2023-05-01,0.6121885052430466,0.5722652667894822
2023-05-02,0.6021671905777506,0.5135949487490519
2023-05-03,0.5908158797588855,0.4808306433267374
2023-05-04,0.578918349488472,0.48279094393203714
2023-05-05,0.5674763405814924,0.515772936444376
2023-05-08,0.5608995051156769,0.5181269903339748
2023-05-09,0.549670686959464,0.5197644060604049
2023-05-10,0.542839484547433,0.5163425959506952
2023-05-11,0.5318851871075153,0.5122698874824795
2023-05-12,0.5217685322591518,0.5041624718076
2023-05-15,0.5220935055170308,0.504451081379317
2023-05-16,0.5121614467537071,0.5016384866600769
2023-05-17,0.5011041896170857,0.5276545605181393
2023-05-18,0.49672542066454844,0.5279481830998736
2023-05-19,0.4868093456647777,0.3803608984763898
2023-05-22,0.47877021982700696,0.4074047285269761
2023-05-23,0.4763355976245824,0.4081689002916116
2023-05-24,0.47318927346090656,0.410576033178608
2023-05-25,0.4657526316106042,0.3677482710395519
2023-05-26,0.4589371096746757,0.37371612410660016
2023-05-30,0.4593006770605696,0.38561439546116144
2023-05-31,0.4605946768363222,0.3750021018371504
2023-06-01,0.45334770034652216,0.3680313429375358
2023-06-02,0.44125729923791635,0.3712281715621255
2023-06-05,0.4366427155197774,0.36956359826589874
2023-06-06,0.4274875222070109,0.3412863710350854
2023-06-07,0.42675120676660455,0.34124009953801365
2023-06-08,0.41261444024082367,0.34227212996807393
2023-06-09,0.41851786735109464,0.3445652644819564
2023-06-12,0.4211952666872587,0.3447240348064293
2023-06-13,0.4131828597248799,0.31364371093378185
2023-06-14,0.4155217197558185,0.3109300097699874
2023-06-15,0.41088623201793134,0.31487318539804793
2023-06-16,0.3959730805008516,0.3039166116332894
2023-06-20,0.3890283889829101,0.32420129998779584
2023-06-21,0.4303267147791528,0.42019213746880796
2023-06-22,0.48349708053974866,0.4060361629820173
2023-06-23,0.49044701495622034,0.42301319444797775
2023-06-26,0.49392233352195386,0.49193540291500565
2023-06-27,0.5390730222052911,0.49858484142177023
2023-06-28,0.5357847004438125,0.48664335635633404
2023-06-29,0.526998892489617,0.47722566536861033
2023-06-30,0.526665236482652,0.4774623981503954
2023-07-03,0.5181738893714056,0.5137621903223806
2023-07-05,0.5193968408946225,0.5104823441178383
2023-07-06,0.5097106549555669,0.5239585632081021
2023-07-07,0.5074832570918816,0.5276179207457338
2023-07-10,0.49827234151254773,0.5360639627363877
2023-07-11,0.4980243272605971,0.5201837887890024
2023-07-12,0.4891300649399158,0.5060805541417849
2023-07-13,0.49720311364532027,0.5058821424035056
2023-07-14,0.48685680308826196,0.495042296375135
2023-07-17,0.4762589487010891,0.5020196714668358
2023-07-18,0.46819148260445864,0.5010472907243709
2023-07-19,0.4565347376143473,0.5013487515581526
2023-07-20,0.4454090530229536,0.5965224534719076
2023-07-21,0.5970842388918911,0.564557471854668
2023-07-24,0.5881029879494982,0.5730710041568824
2023-07-25,0.5795361520119159,0.5643849008873758
2023-07-26,0.5715193072946737,0.5147820944209832
2023-07-27,0.5619194205621187,0.5159571615219426
2023-07-28,0.5678181193071035,0.5288904115102397
2023-07-31,0.5651041616857228,0.5288198082633432
2023-08-01,0.5566779089103776,0.5332883927868107
2023-08-02,0.5594395144783997,0.48166831748616656
2023-08-03,0.5586112793147312,0.4870823214578663
2023-08-04,0.5504380270319686,0.4870946083965923
2023-08-07,0.5478484627949062,0.48731233795299755
2023-08-08,0.539726806467148,0.4849629853068648
2023-08-09,0.5420116499385595,0.49343347275552946
2023-08-10,0.5450162287173178,0.4953357893939671
2023-08-11,0.5384514325594728,0.4862180562814596
2023-08-14,0.534486275549982,0.4815927690402082
2023-08-15,0.5304789827232564,0.46488656274050855
2023-08-16,0.5374439203093052,0.46429449297174014
2023-08-17,0.5450563415804812,0.4671454674389818
2023-08-18,0.5471564456318811,0.33825958344784046
2023-08-21,0.5424325321376039,0.4374849189810527
2023-08-22,0.5416913292330189,0.4165056629657283
2023-08-23,0.5350696014633745,0.42261810916493325
2023-08-24,0.5291676401863701,0.430481221831438
2023-08-25,0.5327793801874084,0.4437294608068363
2023-08-28,0.5259820109721711,0.41390021592199516
2023-08-29,0.5155332974291522,0.49651846695754637
2023-08-30,0.5227963372479433,0.48990496751093404
2023-08-31,0.5132105080230331,0.480710850581167
2023-09-01,0.5054862133200012,0.508070449013002
2023-09-05,0.5319027469815681,0.5298290906633251
2023-09-06,0.5269745861106618,0.5326410743715474
2023-09-07,0.5225397813681917,0.5320716014021957
2023-09-08,0.5113917021473893,0.5222894180964501
2023-09-11,0.5039762805303446,0.6168020737048409
2023-09-12,0.5196993666256363,0.6218898097851427
2023-09-13,0.5185525327178532,0.6196793135268308
2023-09-14,0.5091106649848819,0.6076526921591235
2023-09-15,0.5045059732473157,0.5924389878327284
2023-09-18,0.49628395209196274,0.59678830411723
2023-09-19,0.5013839414988722,0.589448433951071
2023-09-20,0.4891661276991541,0.5519117419741579
2023-09-21,0.48082382577669674,0.5632398037643797
2023-09-22,0.4796351712580278,0.5849366066237938
2023-09-25,0.4956381528530364,0.5744178206265006
2023-09-26,0.48743015776486354,0.5635729618502332
2023-09-27,0.48181287438797343,0.5663043369712121
2023-09-28,0.4712649048313531,0.5077958416080431
2023-09-29,0.46464291680653647,0.511412908972969
2023-10-02,0.4535364888722811,0.5115546892849528
2023-10-03,0.44934912821413636,0.4829522376510419
2023-10-04,0.44200035868158866,0.49852460314396396
2023-10-05,0.474311484546808,0.4942397721035601
2023-10-06,0.46318570617563554,0.49410126348328676
2023-10-09,0.4524192276121499,0.49199561285032484
2023-10-10,0.43724088873656675,0.3588573310612777
2023-10-11,0.43667557901425214,0.35085222916377334
2023-10-12,0.41687644699460363,0.35008193843299157
2023-10-13,0.4080060895564457,0.35548065233343906
2023-10-16,0.41553762521068704,0.35948202544344726
2023-10-17,0.40593538695794124,0.3430341535334876
2023-10-18,0.4037512957550403,0.37852414922986644
2023-10-19,0.4517981222956481,0.4971601872069567
2023-10-20,0.5624892718162229,0.5036475530360496
2023-10-23,0.562809561686968,0.4886582142697029
2023-10-24,0.5728614704812265,0.4952524135072546
2023-10-25,0.5598890372349046,0.49694239841677795
2023-10-26,0.5436621711115792,0.5039148364193318
2023-10-27,0.5538342860443505,0.49394905267405637
2023-10-30,0.5307569172315871,0.5054716689312019
2023-10-31,0.5442286096809421,0.5121476384267332
2023-11-01,0.5256499085731638,0.5243207017359568
2023-11-02,0.510028964308314,0.5291102059415956
2023-11-03,0.5176881020824631,0.5315409199023859
2023-11-06,0.5123813486138957,0.5306605345636405
2023-11-07,0.4952437513647654,0.5356319569300476
2023-11-08,0.4842059837283001,0.5300988629227346
2023-11-09,0.473664834964217,0.5548726566317559
2023-11-10,0.49894741854487973,0.5658524614590008
2023-11-13,0.503686337349648,0.5857652841548838
2023-11-14,0.5194421143358514,0.6256111812068338
2023-11-15,0.5233317120697408,0.631647388484337
2023-11-16,0.5147104965155257,0.6231670435008437
2023-11-17,0.5181886614420165,0.5166442315659886
2023-11-20,0.5097287644982986,0.4951325548100881
2023-11-21,0.49841597160733936,0.49886356255714565
2023-11-22,0.4907738561681312,0.5104749262749225
2023-11-24,0.49749428886580627,0.5036610645753079
2023-11-27,0.48640924131054514,0.48579688651720193
2023-11-28,0.4880855837220801,0.5029289962837766
2023-11-29,0.48685433227425207,0.46361959900715366
2023-11-30,0.47868747813742624,0.47188487906795396
2023-12-01,0.4731481152120707,0.4707721549325075
2023-12-04,0.4726226111721066,0.4332772129935005
2023-12-05,0.46656127838869665,0.434468022758965
2023-12-06,0.46138740320913385,0.4337453122738852
2023-12-07,0.4567881780059569,0.4338479386089231
2023-12-08,0.4532660624575635,0.43354135583820885
2023-12-11,0.4504210590242613,0.3827892482519114
2023-12-12,0.4512554090608152,0.3830569875672209
2023-12-13,0.45055141857712616,0.3598949586120296
2023-12-14,0.4471565741267435,0.33890801431831974
2023-12-15,0.4566217363784904,0.3322174635004134
2023-12-18,0.455955782370165,0.29897883527839747
2023-12-19,0.45543991023125835,0.3044040267849605
2023-12-20,0.4560518063620222,0.34097926753490465
2023-12-21,0.4612195675428491,0.34613317660007203
2023-12-22,0.4618265447337459,0.3286123706231502
2023-12-26,0.46134088869560347,0.33138868959310225
2023-12-27,0.45921371790543386,0.3351223042428008
2023-12-28,0.4599402301546294,0.3265778848887863
2023-12-29,0.4561395631532349,0.3315108275135672
2024-01-02,0.4569240709225028,0.3253358281545698
2024-01-03,0.4527464089248949,0.35684556320233846
2024-01-04,0.4590974093001636,0.35351919927205483
2024-01-05,0.43544311055868706,0.3505040553447437
2024-01-08,0.4265778586009126,0.3531245958498222
2024-01-09,0.42569732762619206,0.35845558689482454
2024-01-10,0.4322417896191335,0.35778791497009593
2024-01-11,0.4191409762257883,0.3666023187966551
2024-01-12,0.43335265308336346,0.38503521513858086
2024-01-16,0.4434915786192621,0.38325575862808636
2024-01-17,0.4446868443664222,0.33655620740981856
2024-01-18,0.44845437558918894,0.3323330917980414
2024-01-19,0.4433009056540404,0.33401814662898144
2024-01-22,0.44449777191528445,0.31845003609361117
2024-01-23,0.4479054605152011,0.3011323005814001
2024-01-24,0.4468365358098197,0.269123725997821
2024-01-25,0.43539698369763,0.49374801834445786
2024-01-26,0.4672438105607094,0.4855058641482465
2024-01-29,0.4674371591281685,0.5111997448642618
2024-01-30,0.4629243898115912,0.5110186221848001
2024-01-31,0.41274909686261724,0.5117360902204139
2024-02-01,0.4218136302379329,0.5153840806127049
2024-02-02,0.42004399470060116,0.5058077210407147
2024-02-05,0.5009091104391517,0.5122823866232314
2024-02-06,0.5014446814324134,0.5253788019345493
2024-02-07,0.4203068876578209,0.5259248866525539
2024-02-08,0.41506386854698185,0.5297151186835456
2024-02-09,0.4065608129082628,0.5403814614805103
2024-02-12,0.4026283109300121,0.54008561334696
2024-02-13,0.40546543245755917,0.5325231591636762
2024-02-14,0.40748672759335886,0.543423410927305
2024-02-15,0.41251847076847065,0.5890957047805987
2024-02-16,0.42880539292008896,0.586980681703131
2024-02-20,0.4223518428076725,0.5950137352028501
2024-02-21,0.4349568526099426,0.5942763211271378
2024-02-22,0.43103659546618867,0.5969244680841589
2024-02-23,0.49215179030463924,0.6032232212700938
2024-02-26,0.43547683322770336,0.41313555897376075
2024-02-27,0.43338178302946156,0.4132213320305214
2024-02-28,0.4278309531645953,0.39205888624297164
2024-02-29,0.4343901627433445,0.39223106399378144
2024-03-01,0.424591717870081,0.3813788511608455
2024-03-04,0.41598996727166104,0.46662691866116396
2024-03-05,0.4890238039792615,0.4866301819285443
2024-03-06,0.4539492120729287,0.4763652666592175
2024-03-07,0.4504371593894718,0.47137580609596086
2024-03-08,0.4486933711071917,0.47158550088177537
2024-03-11,0.44771947409695134,0.4729148914949175
2024-03-12,0.49274758698584536,0.46490723325803324
2024-03-13,0.44448082908980957,0.4806691198922635
2024-03-14,0.4458156951284405,0.4944096979271801
2024-03-15,0.49189771871261034,0.48375510654250226
2024-03-18,0.45222299548291733,0.4842996976891951
2024-03-19,0.46584854479402565,0.48471928021923805
2024-03-20,0.46255669254659165,0.48881086516976563
2024-03-21,0.4632840383539363,0.48901498067141164
2024-03-22,0.4900617139440245,0.48432629171735325
2024-03-25,0.4929643206947715,0.48155982405659076
2024-03-26,0.49095373107961676,0.47216785424331215
2024-03-27,0.4896212375259338,0.47552801394342714
2024-03-28,0.4484656332766258,0.47534546556869994
2024-04-01,0.44345021360205794,0.475041666700434
2024-04-02,0.4380112098766799,0.49637733051232136
2024-04-03,0.48015338680721664,0.4403318066784753
2024-04-04,0.48188874486797667,0.4271443416869852
2024-04-05,0.4852139157148688,0.4378505669165401
2024-04-08,0.4839143302213335,0.4700372962117475
2024-04-09,0.48871923532549877,0.4726201887241141
2024-04-10,0.48582292544108674,0.48082258453445853
2024-04-11,0.48322309997099056,0.4848714851221336
2024-04-12,0.4823995948688939,0.46188170861545674
2024-04-15,0.48262879992675217,0.4825373349366324
2024-04-16,0.485880188595248,0.4907473243198155
2024-04-17,0.48412120741450776,0.4351882589208325
2024-04-18,0.48158548884683827,0.44727603122430293
2024-04-19,0.4800470096483661,0.4343027525516383
2024-04-22,0.4779570398086037,0.44299709155267925
2024-04-23,0.47792813604345913,0.4531013310234947
2024-04-24,0.475151772573881,0.6176605044686287
2024-04-25,0.48933133563009845,0.6339612517161564
2024-04-26,0.49164508618424974,0.6325442991943367
2024-04-29,0.49025160484535707,0.8037312672086009
2024-04-30,0.5182202689716987,0.831612785177073
2024-05-01,0.6055472531941415,0.8133398890599334
2024-05-02,0.5737549797722481,0.8130431530156755
2024-05-03,0.5337634095616398,0.8118056764576487
2024-05-06,0.5180111871973194,0.8005078808730097
2024-05-07,0.5145039841985032,0.798628281854973
2024-05-08,0.525440640265722,0.7973585085662545
2024-05-09,0.5201929598019549,0.7925719298680587
2024-05-10,0.517698437432761,0.7933116970229056
2024-05-13,0.507552174350289,0.7936420739916663
2024-05-14,0.5106252689614833,0.7719713747357437
2024-05-15,0.5158044704566255,0.7686199455325381
2024-05-16,0.5078900546604703,0.766558905871056
2024-05-17,0.5078239332908192,0.7517769229811672
2024-05-20,0.5080793563933435,0.749618180244347
2024-05-21,0.5063020595219148,0.7567530969777141
2024-05-22,0.5429196772408235,0.7746510097754097
2024-05-23,0.5092533982731524,0.6920625939416266
2024-05-24,0.5099073242292118,0.680336386717974
2024-05-28,0.518461368371005,0.6811187654729873
2024-05-29,0.5101436372751683,0.4519978713101247
2024-05-30,0.5089728464153536,0.41370025900569923
2024-05-31,0.5097052049083984,0.4092848402528725
2024-06-03,0.5080695403646744,0.4106172895237889
2024-06-04,0.5080945155896264,0.4104805209329365
2024-06-05,0.5079818410341579,0.4034016464198948
2024-06-06,0.5082330445380249,0.38661833121707934
2024-06-07,0.5108618497341864,0.38149537806979944
2024-06-10,0.5082936730676335,0.3847211877799301
2024-06-11,0.5072799431409468,0.38315957176073145
2024-06-12,0.5065215478820149,0.39943895006346863
2024-06-13,0.5202947851504232,0.39610924404991066
2024-06-14,0.5145874981751986,0.39948036130460324
2024-06-17,0.47154267904159114,0.4361949241188124
2024-06-18,0.4790384027271022,0.43795313218477006
2024-06-20,0.4763216036213667,0.43986702439647346
2024-06-21,0.4720226530035051,0.3774980552793057
2024-06-24,0.502907456595807,0.3562305661009032
2024-06-25,0.5015321458263066,0.3400627816719978
2024-06-26,0.5076787113527443,0.3601081750343393
2024-06-27,0.5183267138318987,0.35387849643429187
2024-06-28,0.5017234480286712,0.3527366832265577
2024-07-01,0.5019809531974092,0.39741220758381685
2024-07-02,0.5291317569768608,0.5009730622840007
2024-07-03,0.6135870049375749,0.5234619042706856
2024-07-05,0.5856519238099984,0.5158939750505442
2024-07-08,0.5172122130208083,0.5144201294128556
2024-07-09,0.5102423003644779,0.5185448217103693
2024-07-10,0.5342823660567443,0.5158347303709815
2024-07-11,0.5108175434453514,0.6226377239812579
2024-07-12,0.5215055507746379,0.6118712649019381
2024-07-15,0.5354611902822168,0.6074184236664837
2024-07-16,0.5263771157707806,0.605873128885117
2024-07-17,0.5249848262356361,0.6124596110968333
2024-07-18,0.5209388367501199,0.5997582690972084
2024-07-19,0.5212878543795806,0.6224223967295102
2024-07-22,0.5203345439166028,0.6254754309533462
2024-07-23,0.5475543532709469,0.6375289241138072
2024-07-24,0.509652086674024,0.8129151915369075
2024-07-25,0.714747068770523,0.8114773959947756
2024-07-26,0.5361221970034912,0.7992309961221475
2024-07-29,0.5291490519823333,0.8171153931536786
2024-07-30,0.5795536528528294,0.8348107348422327
2024-07-31,0.5318936561850953,0.8230470924436687
2024-08-01,0.5737555041164887,0.7874604581664006
2024-08-02,0.6374254730841407,0.7603016021166039
2024-08-05,0.6551515894362195,0.7620555030936187
2024-08-06,0.6653767246707343,0.7630187219104861
2024-08-07,0.6286215031741886,0.7513680321815478
2024-08-08,0.6412375725453194,0.7698175190253197
2024-08-09,0.6320681480022212,0.7220415327263583
2024-08-12,0.605996680146861,0.7084889528833793
2024-08-13,0.5835049499707317,0.734414442339429
2024-08-14,0.5998054104343478,0.732520344492285
2024-08-15,0.5955164819727924,0.7701988800944782
2024-08-16,0.622388560687062,0.7715318558217407
2024-08-19,0.602710687053688,0.7710624954145822
2024-08-20,0.596239233118813,0.7460372445908664
2024-08-21,0.573726337608292,0.74603359311817
2024-08-22,0.5624066546391092,0.6214834637350388
2024-08-23,0.59699837434165,0.6380741941203064
2024-08-26,0.6003498747530672,0.6481423379337871
2024-08-27,0.6028104047919601,0.6175262406648158
2024-08-28,0.592826021506398,0.6047090008198699
2024-08-29,0.5673791754158081,0.5825625449422118
2024-08-30,0.5688484660383071,0.554254825558464
2024-09-03,0.5624658108218714,0.535719524662714
2024-09-04,0.5420927979949285,0.5281253519197577
2024-09-05,0.6764626007701185,0.548906078539747
2024-09-06,0.686236315822114,0.616083882931565
2024-09-09,0.5733089446121508,0.6103970244006153
2024-09-10,0.557328132351958,0.6265495748947151
2024-09-11,0.5995877853865944,0.6229644601197738
2024-09-12,0.6662301211204822,0.6019681110905706
2024-09-13,0.6666474334790861,0.5875065030687733
2024-09-16,0.6629489120229044,0.5562392563485395
2024-09-17,0.6610098232810091,0.5558023159330736
2024-09-18,0.519000552956818,0.5468705541350265
2024-09-19,0.5138874249245725,0.5969746862107824
2024-09-20,0.6630217158291076,0.604487900573983
2024-09-23,0.6606225230717531,0.5804838845091057
2024-09-24,0.6677871801409302,0.5661376131362823
2024-09-25,0.6745393145560019,0.5475229506208636
2024-09-26,0.6685067282562628,0.5430881852982691
2024-09-27,0.528058786598187,0.5369123176359362
2024-09-30,0.5442622021100939,0.536565107420802
2024-10-01,0.5302179557812826,0.5346644949670591
2024-10-02,0.5275219746062231,0.5498524533238659
2024-10-03,0.532480164584067,0.5546078575258034
2024-10-04,0.5335488341073361,0.5461522660145318
2024-10-07,0.5700524617044521,0.45989822250606044
2024-10-08,0.541388992214874,0.4555960556444614
2024-10-09,0.5351755747047188,0.43756713567370065
2024-10-10,0.5271081471572554,0.43915148974280954
2024-10-11,0.5251359830954605,0.5460431091097906
2024-10-14,0.5374556867007227,0.5466742518692634
2024-10-15,0.537969141052313,0.5447664358820548
2024-10-16,0.5376847137752356,0.5453452394627368
2024-10-17,0.5370150463971222,0.5453209037246006
2024-10-18,0.5252864915195453,0.47783058773118753
2024-10-21,0.5216596436841403,0.4732027907245652
2024-10-22,0.5166566873082823,0.4335606436828178
2024-10-23,0.5155225450087475,0.4272129585328026
2024-10-24,0.5155093049774672,0.8330828735258866
2024-10-25,0.6855672659392951,0.8392195307140586
2024-10-28,0.6866236467698303,0.840692410089665
2024-10-29,0.6923205184519942,0.8415233932404714
2024-10-30,0.6848302452310909,0.840534430376867
2024-10-31,0.6862213449017398,0.8379853188942533
2024-11-01,0.6879590970003682,0.8288507246408177
2024-11-04,0.6831222584698631,0.822465460525017
2024-11-05,0.6751717670685164,0.8204963206672676
2024-11-06,0.6746636459059152,0.945274277224209
2024-11-07,0.720022410625167,0.9443056203453736
2024-11-08,0.7172013509267384,0.9705063002528169
2024-11-11,0.7244711183079876,0.919765591699168
2024-11-12,0.7445020324085505,0.9658708834940309
2024-11-13,0.7599226652915889,0.9651624059907395
2024-11-14,0.76244989737845,1.002777730981847
2024-11-15,0.773679576784248,1.0016092689476699
2024-11-18,0.7747833245678337,1.0070584288748046
2024-11-19,0.7805976889638103,1.0015904918015193
2024-11-20,0.7730964845007426,1.004366359982793
2024-11-21,0.7634328078124476,0.9985934344838318
2024-11-22,0.7562942575082554,0.7705834506139401
2024-11-25,0.7603482043543758,0.790045413253613
2024-11-26,0.7610942487209158,0.780550365784918
2024-11-27,0.7495877274024578,0.7823940486994199
2024-11-29,0.7367390074201968,0.7833733210906246
2024-12-02,0.736782931300741,0.7691077722467676
2024-12-03,0.7383353711466019,0.7745138817898086
2024-12-04,0.7297577683185513,0.759748914453455
2024-12-05,0.7249499388202412,0.7590037891305488
2024-12-06,0.7243362161703515,0.6377859581432073
2024-12-09,0.730215047973361,0.6370131900200672
2024-12-10,0.7223904807209989,0.5939624010283825
2024-12-11,0.7188666507567766,0.555758833398489
2024-12-12,0.7319891288599728,0.49891511415679035
2024-12-13,0.7256427899859547,0.5095960198997521
2024-12-16,0.730308268451785,0.46005277545638207
2024-12-17,0.7382693683016799,0.4621529368271305
2024-12-18,0.739496958505402,0.5712439478032435
2024-12-19,0.7674708847028091,0.5750102245159572
2024-12-20,0.760822020228932,0.5923466946051289
2024-12-23,0.7592503084539516,0.5905272624987777
2024-12-24,0.7560418475925614,0.619997627115964
2024-12-26,0.7761173692193981,0.6000973761099146
2024-12-27,0.7706680101470118,0.6391956551394329
2024-12-30,0.7803989500924421,0.6515823340301329
2024-12-31,0.7836943578368312,0.661618290874295
2025-01-02,0.785309076594347,0.696710174047181
2025-01-03,0.7863412747469545,0.7405699836214096
2025-01-06,0.8062613139843774,0.7397287684206157
2025-01-07,0.7969619783760226,0.7517046379015839
2025-01-08,0.7934584211027268,0.7303473856075322
2025-01-10,0.6084155141233814,0.7303531425429943
2025-01-13,0.6032416188155652,0.7274561276704421
2025-01-14,0.6156084631938262,0.698801857753686
2025-01-15,0.6041575350457652,0.7503440464453182
2025-01-16,0.7716008356962176,0.7441297081263695
2025-01-17,0.6652156525093007,0.7197688862785023
2025-01-21,0.6533842310039013,0.705182747111432
2025-01-22,0.6243423275801141,0.6450022413970221
2025-01-23,0.6149458447364453,0.644759636899027
2025-01-24,0.6129109529479574,0.6354001567231996
2025-01-27,0.6093853262551714,0.6333708409126897
2025-01-28,0.6009664271000433,0.5729249131277868
2025-01-29,0.6886110819438744,0.574376534167152
2025-01-30,0.6823976436100334,0.5643461658219046
2025-01-31,0.6693076687360947,0.5554947961646732
2025-02-03,0.656693776010742,0.5738767938730313
2025-02-04,0.6690188987538898,0.5354642609863766
2025-02-05,0.6609366025363663,0.47071175307691826
2025-02-06,0.6640580963627053,0.4707730825353447
2025-02-07,0.6468986311532587,0.4644787629091616
2025-02-10,0.6463747713112193,0.4728050821759977
2025-02-11,0.5916574456956576,0.5155349824882093
2025-02-12,0.597608206772902,0.5175407279530307
2025-02-13,0.6137504932720488,0.5625623987467374
2025-02-14,0.6862408949716983,0.47700421282723937
2025-02-18,0.625131851663907,0.46807128023160666
2025-02-19,0.607190252030118,0.45756117166681665
2025-02-20,0.6403750162902444,0.45857533489042246
2025-02-21,0.6293493473198628,0.476848549518857
2025-02-24,0.6386362928887268,0.4784490833630658
2025-02-25,0.5993624852383828,0.5480771595204889
2025-02-26,0.6092289293147913,0.5548678761870702
2025-02-27,0.6100887865862903,0.5538371374170242
2025-02-28,0.6088535541998132,0.5846432858725771
2025-03-03,0.6447244866871131,0.5663502373414738
2025-03-04,0.6210918493516221,0.5660014081367581
2025-03-05,0.6151549787897718,0.5717436806164566
2025-03-06,0.627793463816138,0.5731597360714673
2025-03-07,0.6941903081298615,0.5720120240046807
2025-03-10,0.6870885851765137,0.7719672786629581
2025-03-11,0.7389798529226136,0.800150760915708
2025-03-12,0.7434008672959574,0.8634451969496983
2025-03-13,0.8167515333938081,0.8467374569840063
2025-03-14,0.7871009009389479,0.8560415677447387
2025-03-17,0.7685916272363047,0.8241813140908215
2025-03-18,0.782006733704103,0.8300776524175687
2025-03-19,0.8048695133194528,0.8610140321715569
2025-03-20,0.7909328154716027,0.8538965273100788
2025-03-21,0.7623282319817483,0.8891554526453613
2025-03-24,0.7572001272089004,0.9871863053332774
2025-03-25,0.8195172177577753,0.9973213787722617
2025-03-26,0.796888794902525,0.9715353464053104
2025-03-27,0.8075922486886489,0.9633225511673663
2025-03-28,0.7743627722043177,0.9652166766578436
2025-03-31,0.765787808019296,0.9541221412501553
2025-04-01,0.741016850539103,0.9604673895495685
2025-04-02,0.7287500986727136,0.9652589058044648
2025-04-03,0.7273438734406604,0.9814106717588404
2025-04-04,0.7495612210989823,1.0341213947519674
2025-04-07,0.8550803345911391,1.0367458740432327
2025-04-08,0.8308225409439245,0.8725701959355933
2025-04-09,0.8371990213604523,1.119940268932845
2025-04-10,0.9985386029324584,1.1291468485570373
2025-04-11,1.0466528474127355,1.1234902210058793
2025-04-14,0.9995607549504109,1.1159760056778987
2025-04-15,0.9509639096734512,1.1014340771446964
2025-04-16,0.9047958162631957,1.0987767063589533
2025-04-17,0.9234736960676333,1.0878962441323827
2025-04-21,0.8826910206245989,1.107734301111729
2025-04-22,0.8907878214870035,1.1041019884379932
2025-04-23,0.8741553768570243,1.0430414767955738
2025-04-24,0.8527994948763272,1.0430201839608182
2025-04-25,0.8257034673489881,1.0778793457744134
2025-04-28,0.8457069606459212,1.0778684056874273
2025-04-29,0.8783791695695049,1.070689831774622
2025-04-30,0.8616245450364065,1.0768919716074536
2025-05-01,0.8236917616646697,1.071280525612221
2025-05-02,0.8739812739479469,1.0591120125031188
2025-05-05,0.8423931510317837,1.043137264570884
2025-05-06,0.836699278655222,0.9639182285558064
2025-05-07,0.8298034557809508,0.9567465685891234
2025-05-08,0.821356158119554,0.9354606921293664
2025-05-09,0.8188481989756097,0.6382907247605687
2025-05-12,0.7773368419462561,0.6015825343217317
2025-05-13,0.8301988726946454,0.6133051272070714
2025-05-14,0.8355587916274785,0.6179710854125994
2025-05-15,0.8366998894055956,0.6257773749875032
2025-05-16,0.8292821221434725,0.5795749887810239
2025-05-19,0.740360347258307,0.5932738354983672
2025-05-20,0.7249780364207677,0.5280265798456634
2025-05-21,0.7006966494625889,0.5433143614782392
2025-05-22,0.6923417908151677,0.527500318476124
2025-05-23,0.6766345121329593,0.5265764322060812
2025-05-27,0.6684851340043999,0.48155718866200803
2025-05-28,0.6902151914954193,0.49070464085848314
2025-05-29,0.6806814670500853,0.48955914404264655
2025-05-30,0.6717951666025238,0.48908821414390163
2025-06-02,0.6759049576727634,0.49145808851136347
2025-06-03,0.6657556727771351,0.48901874197200695
2025-06-04,0.6567480309612468,0.500486845761967
2025-06-05,0.6653104856647524,0.7492473122586065
2025-06-06,0.8714031354816698,0.7586987134452133
2025-06-09,0.8497134956190789,0.7665163829206842
2025-06-10,0.8334937972206309,0.7734463676080484
2025-06-11,0.8244863274572519,0.740904183237271
2025-06-12,0.8009918915611126,0.7248291500809203
2025-06-13,0.7885128909296659,0.7131319369719006
2025-06-16,0.7736184381075931,0.7137469886027265
2025-06-17,0.7631488761321691,0.7201987284174085
2025-06-18,0.7640318802375042,0.7211728999349254
2025-06-20,0.7525880443028083,0.7207060761479073
2025-06-23,0.7449189297319502,0.76845326787004
2025-06-24,0.7477774429601306,0.7708036257229494
2025-06-25,0.7408487670338068,0.7822611798691681
2025-06-26,0.7394465513483239,0.7411777755409855
2025-06-27,0.727190774795664,0.7400294302987989
2025-06-30,0.7168163472345779,0.7407954223296747
2025-07-01,0.7118520631096741,0.7542169039567908
2025-07-02,0.723358462481236,0.7777780356274729
2025-07-03,0.7150853089463787,0.7772499536321767
2025-07-07,0.7079070572509861,0.8035208156870484
2025-07-08,0.7440131558226624,0.5977162957432965
2025-07-09,0.738242666608007,0.5853781238745073
2025-07-10,0.7266198425112196,0.5869985623639945
2025-07-11,0.718109067045794,0.5540627376249531
2025-07-14,0.7094286892747645,0.5557258411304539
2025-07-15,0.6959819442420585,0.5543002470537897
2025-07-16,0.6958986057085353,0.5638021522823485
2025-07-17,0.6901784413962292,0.5624222529567952
2025-07-18,0.6785784346043997,0.5555400433598446
2025-07-21,0.6702714788695198,0.5527618285436176
2025-07-22,0.6595457911945202,0.5538390744620517
2025-07-23,0.6454636803504545,0.4765746439386723
2025-07-24,0.6343436767726445,0.5534845704034093
2025-07-25,0.7090219205917959,0.555852505254715
2025-07-28,0.699515120761654,0.5661151881532601
2025-07-29,0.6949584045832794,0.5676460207169242
2025-07-30,0.6843106743618904,0.5643140497006602
2025-07-31,0.6703169514893673,0.543197421512739
2025-08-01,0.6754318650294838,0.518692124169168
2025-08-04,0.6691657314692944,0.5251515671686874
2025-08-05,0.6619308656212303,0.46078537526452934
2025-08-06,0.6563936369669018,0.47382506971521615
2025-08-07,0.6562025769670383,0.4726026357338929
2025-08-08,0.649210953694306,0.4527717054210051
2025-08-11,0.6382856212825412,0.46024488841612526
2025-08-12,0.6371891573597218,0.4595839598856069
2025-08-13,0.627862661278243,0.45297914533303435
2025-08-14,0.6111978877782787,0.4420595060911834
2025-08-15,0.5956976448456177,0.4449960368355897
2025-08-18,0.5899856144983592,0.4340768376732069
2025-08-19,0.5778683555317785,0.43855901819308546
2025-08-20,0.5774673959024635,0.44034717809909624
