Date,AAPL,GOOGL,MSFT
2018-01-03,-0.00017419830285125837,0.01706088692925989,0.004654180886091819
2018-01-04,0.004644837630516818,0.003884476158599437,0.00880104911469215
2018-01-05,0.01138545425715698,0.013260115784273552,0.01239827604236754
2018-01-08,-0.0037145199922559158,0.003530684360343761,0.00102055239554244
2018-01-09,-0.00011470899755350317,-0.001274427298162517,-0.000679612195939594
2018-01-10,-0.00022925762255920912,-0.002381332056153207,-0.004534141551795212
2018-01-11,0.005680095660444584,0.0017204686754404008,0.0029603805431717145
2018-01-12,0.010326407809552407,0.016725830074704406,0.01725731582875678
2018-01-16,-0.005082312829090774,4.4191598206566596e-05,-0.013951076392614392
2018-01-17,0.016516182160402737,0.007429087158679071,0.020260126999340544
2018-01-18,0.0008934248546379475,-0.002747853420596469,-0.00044366479593205277
2018-01-19,-0.004462592123400944,0.006628775914199858,-0.0011097460492590638
2018-01-22,-0.008180995521324896,0.018067310564906514,0.017889002217641004
2018-01-23,0.00022589119454607953,0.010316384372244691,0.0031655412401483396
2018-01-24,-0.015928672373183184,-0.004149072436101742,-0.0008705157711498268
2018-01-25,-0.017850883063559864,0.009263337122342286,0.005554260677723244
2018-01-26,0.0023375249453920777,0.004584872537141349,0.01873716657721225
2018-01-29,-0.020698327926238158,-0.0009093382641398584,-0.0014882873499266758
2018-01-30,-0.005894357701225705,-0.007678190691079223,-0.012564254127560903
2018-01-31,0.0027547234760527672,0.004119289244965296,0.024477318359428235
2018-02-01,0.002090423754009585,-0.0005329406880316689,-0.00789383681273792
2018-02-02,-0.0433899745798656,-0.052801603325130286,-0.026310336175936144
2018-02-05,-0.024984573605951854,-0.05075954293355733,-0.04118524773735166
2018-02-06,0.041791832907955184,0.020745714673149562,0.037840647740299715
2018-02-07,-0.021406932039398918,-0.026760578731673257,-0.018832900849791723
2018-02-08,-0.027516599647918194,-0.04519569157183534,-0.051333364020688
2018-02-09,0.012231439215514728,0.03826485593717677,0.03728965085973557
2018-02-12,0.04027855462614682,0.007923465479609204,0.010773355871528167
2018-02-13,0.010017790657519177,-0.00039825542000737624,0.007853598339375045
2018-02-14,0.018437664353444516,0.01760667005765204,0.015658324412698876
2018-02-15,0.03357785889573939,0.017395411308537723,0.020372395827670697
2018-02-16,-0.003237262262088758,0.0037934806649650987,-0.007122977649726359
2018-02-20,-0.0033630095269604476,0.007384748737085722,0.007826023500070223
2018-02-21,-0.00453897298061956,0.009206369319817442,-0.013265706157026158
2018-02-22,0.0083591566795711,-0.003456935809972417,0.0026234860862970333
2018-02-23,0.017391100101892265,0.016388892212013895,0.02540041312714658
2018-02-26,0.01977225539997418,0.013837642142252138,0.01445876779672206
2018-02-27,-0.0032405680543289295,-0.022899488817681224,-0.012785491203825883
2018-02-28,-0.001513668716507821,-0.012160902147402286,-0.004564638697256873
2018-03-01,-0.017516515138569888,-0.02944954613211115,-0.009811305656478253
2018-03-02,0.006914519527854601,0.01188147168380227,0.0021542305362511893
2018-03-05,0.003461479031540149,0.00979581000791141,0.006340483840776345
2018-03-06,-0.0008480172829808952,0.005608505061872382,-0.0034172857035538184
2018-03-07,-0.009283175898363694,0.01284404322122934,0.005786713561073187
2018-03-08,0.010912332074163533,0.012860613316852065,0.00607258224208862
2018-03-09,0.01718122312700321,0.027855974011402607,0.0223445935284452
2018-03-12,0.009667509670076013,0.004384761173064744,0.0023824482721945817
2018-03-13,-0.009629882522122157,-0.022316937828801398,-0.024387581267068636
2018-03-14,-0.008501764011570434,0.00787774971338795,-0.005931932495117143
2018-03-15,0.0011771906750077665,0.0014970982948243616,0.0035165939964105775
2018-03-16,-0.003526603110276305,-0.014070764860869556,0.004459464925360868
2018-03-19,-0.015279039944472994,-0.030279774731812537,-0.01807602686256038
2018-03-20,-0.00034262881169933035,-0.0038816346666988855,0.0025835911624867425
2018-03-21,-0.022654454073482766,-0.0016426139386565008,-0.006979514929764008
2018-03-22,-0.014129647211141072,-0.03733995837739179,-0.02908739251254311
2018-03-23,-0.0231565507572139,-0.02525763113162971,-0.029067794707657524
2018-03-26,0.0474721918354839,0.02682769965596954,0.07570519651165641
2018-03-27,-0.025641475430073668,-0.044730512351932816,-0.04595838595828772
2018-03-28,-0.01104927802006428,-0.0017478586425897502,-0.0008941164872946494
2018-03-29,0.007808877494547062,0.03179524135782019,0.021031323555305015
2018-04-02,-0.006556180522545141,-0.023632277726884254,-0.030129994975299224
2018-04-03,0.010259616974947816,0.005974555726454778,0.013443027950656994
2018-04-04,0.019121922092101507,0.01082777300305593,0.02920523537516484
2018-04-05,0.0069342861991696925,0.002845524879931949,0.0005413456650242843
2018-04-06,-0.025578604768247692,-0.02197285186256026,-0.023273284640068503
2018-04-09,0.009917904724357385,0.01004012554431677,0.005984519634040675
2018-04-10,0.018818037722995173,0.01608674863053916,0.02324538591965175
2018-04-11,-0.004675543598244292,-0.011037184975424386,-0.010981958438920247
2018-04-12,0.009858834186301957,0.011931053774725253,0.01872465551654945
2018-04-13,0.0033881518085592255,-0.0012050391145663752,-0.005343255878073827
2018-04-16,0.00623817327958176,0.009710023863165995,0.011710224967493632
2018-04-17,0.013763709785060696,0.031794316822820745,0.020176538376521336
2018-04-18,-0.00224372738803158,-0.003678150261461788,0.0038512910089270047
2018-04-19,-0.028340317841046625,0.013074284715909323,-0.0034218100743125257
2018-04-20,-0.04097226872644577,-0.011134023727062292,-0.011549407544344859
2018-04-23,-0.0028962580228987234,-0.003258156058785988,0.003684390256449843
2018-04-24,-0.013919370303878686,-0.0476526821251837,-0.023387248682877892
2018-04-25,0.004357387322179163,0.0003423136439568708,-0.008698843688350721
2018-04-26,0.003483026903882136,0.019863302962299434,0.021124456999455088
2018-04-27,-0.01156975888678935,-0.011367838786453532,0.016550009121371945
2018-04-30,0.018112469142754772,-0.012477432917855413,-0.024003416731802285
2018-05-01,0.023235928711926812,0.021765500175568997,0.015825482014606207
2018-05-02,0.04417530883957599,-0.014124269828162839,-0.01568390422386734
2018-05-03,0.0018122520131746978,0.00024363300267471466,0.005988585059851559
2018-05-04,0.03923339975276874,0.02406697714767536,0.011587158774127193
2018-05-07,0.007234969347653664,0.008049560880596163,0.011139113683286128
2018-05-08,0.0048066688887427045,-0.0008211525417441967,-0.00426119699327121
2018-05-09,0.007041232119363805,0.028679564462661178,0.011793986810822332
2018-05-10,0.014303882064596207,0.015170642504455323,0.010006413834667605
2018-05-11,-0.0038034743385089165,-0.0018906862318995854,-0.002144830332021841
2018-05-14,-0.0023328820977259745,0.002918474424464579,0.0033775959984903015
2018-05-15,-0.009088632854894252,-0.019636758598303827,-0.007242657173508027
2018-05-16,0.009332712970951285,-0.0007190743891086759,0.002580202055521452
2018-05-17,-0.006323512353953342,-0.0026104673283079416,-0.009984694390807514
2018-05-18,-0.0036368006722062862,-0.010746885852029986,0.0018717886125818595
2018-05-21,0.007084986563300255,0.013434529227845271,0.01286805369348909
2018-05-22,-0.002504948245094951,-0.008025698207493548,-0.0010246785708889483
2018-05-23,0.006411974447679825,0.009904156798019592,0.011897724137212462
2018-05-24,-0.0011150236602894825,-0.0004697138795080047,-0.003547842399008405
2018-05-25,0.0022852223887266376,-0.001262162634004027,0.0005088058578170962
2018-05-29,-0.0036057099610979915,-0.014768194624066755,-0.00355833058626831
2018-05-30,-0.0021289643024291482,0.008800908942681485,0.009590664684057115
2018-05-31,-0.00335989812071813,0.020910042453489375,-0.0011116195328780831
2018-06-01,0.01803386413360708,0.03181824461487004,0.019728816728505016
2018-06-04,0.008358070689078456,0.015894188146267973,0.008731177226812603
2018-06-05,0.007714980742214994,-0.001751910583665972,0.005114656552468233
2018-06-06,0.0034662040718356213,-0.003535976028872456,0.0029356401382973907
2018-06-07,-0.002680705644221626,-0.010924551382256564,-0.01570894054712768
2018-06-08,-0.009097872795683748,-0.0015074665975481905,0.007434648696547086
2018-06-11,-0.0024515971679714976,0.00723051526932994,-0.005706952349607941
2018-06-12,0.005490687798221927,0.006389702422257004,0.0025729784085619656
2018-06-13,-0.008217170069265589,-0.0034489680602803885,-0.004540522375164113
2018-06-14,0.0005243840709492353,0.013878431399116709,0.005651746889922649
2018-06-15,-0.010272507187463531,-0.0007241082188830239,-0.012719175101314262
2018-06-18,-0.0005292925510472779,0.020970128902565444,0.007290545215558719
2018-06-19,-0.016159884296330196,-0.004131526127856278,0.0
2018-06-20,0.004361814267118236,0.004564236348965078,0.010014028672032493
2018-06-21,-0.005576098763448556,-0.012355614890417144,-0.007166178000871715
2018-06-22,-0.002912062705279439,-0.00012824295858215873,-0.007217578788196177
2018-06-25,-0.014870955299391309,-0.025665206189796397,-0.020117731927507876
2018-06-26,0.012405873405551882,-0.005845693813024466,0.0070131631588084
2018-06-27,-0.0014640756539756605,-0.01384402968765619,-0.01554307583702741
2018-06-28,0.007276320005540571,0.008809786844057976,0.011174924147481224
2018-06-29,-0.002102374570980614,0.0021387675198054623,-0.00020291179674203352
2018-07-02,0.011182474629349182,0.011441935188309271,0.014197404046149664
2018-07-03,-0.01741653645478447,-0.02261605883249096,-0.009599146276562887
2018-07-05,0.008047139755466892,0.02240471724577975,0.0071683182696258285
2018-07-06,0.013861943624125184,0.01208283613325567,0.014033656567484787
2018-07-09,0.013885509372828286,0.010561936932971028,0.00682071984160082
2018-07-10,-0.0012071643041261515,-0.0001198667066441006,0.002651057173393978
2018-07-11,-0.012976034314384877,0.003701451534277256,-0.0013709579602840805
2018-07-12,0.016766112846099857,0.025438274879211464,0.021670870872221748
2018-07-13,0.001570349874222332,0.0026305820562126936,0.011901400637925219
2018-07-16,-0.002195177848642982,-0.006567421132988582,-0.004932172143344071
2018-07-17,0.002828592838487909,0.013848510674110637,0.009913159996907783
2018-07-18,-0.005484631201369439,-0.00014001639450889058,-0.007833600512662686
2018-07-19,0.007773096239666932,-0.011385882459994057,-0.006849700984581708
2018-07-20,-0.0022929664272929307,-0.0010174646631693207,0.017911885481948664
2018-07-23,0.000887939564450102,0.01095260145428556,0.015997136056289607
2018-07-24,0.007254355671966417,0.03893481831979351,-0.0028714304769359433
2018-07-25,0.009429988836760383,0.014139748685253473,0.02944468789636767
2018-07-26,-0.0031310637271699804,0.0074926472083212126,-0.010917395787806039
2018-07-27,-0.01663138909611328,-0.025367639990738433,-0.01769781286632388
2018-07-30,-0.0056025307336522445,-0.018237771562925942,-0.021452418014949126
2018-07-31,0.0020005911745646365,-0.0022926113918239066,0.006738136152659502
2018-08-01,0.05891042302772753,0.004701703440327609,0.0018854551441611633
2018-08-02,0.02923064806107445,0.006601803133354123,0.012137547931201143
2018-08-03,0.0028931788394774838,-0.0023930232584026268,0.004369427789636893
2018-08-06,0.005192388016453053,-0.0003956716999767851,0.0008328540605995194
2018-08-07,-0.009374669396183255,0.014680809079779422,0.006936240664231708
2018-08-08,0.000675922699574949,0.004371542686605778,0.00560262067577999
2018-08-09,0.00786465063927011,0.002481449219892129,0.0016437982678689789
2018-08-10,-0.0029784310118550206,-0.009450719207756086,-0.006109122211352069
2018-08-13,0.006456846920632975,-0.0030897062674141162,-0.0072476403118934
2018-08-14,0.0042131978717954155,0.007608334727634336,0.012475908723188489
2018-08-15,0.0023361120413356584,-0.020601885644082385,-0.013560632196928712
2018-08-16,0.014650062048843004,-0.006622248020186516,-0.00018593792341525806
2018-08-17,0.019970093617520668,-0.006707151102957276,-0.0005573868080978039
2018-08-20,-0.009743593838822506,0.00501704933211955,-0.006599826895257954
2018-08-21,-0.0019495394176723968,-0.003715314373720968,-0.008327729741047563
2018-08-22,4.660980968163031e-05,0.0035648743776599545,0.01019049631361546
2018-08-23,0.002045948098094108,-0.0004828418996204453,0.004670460488408912
2018-08-24,0.0031091685868926966,0.012766483258171535,0.0078093697414500785
2018-08-27,0.008234728731627339,0.015783287378620336,0.011070181539142743
2018-08-28,0.008075418804297074,-0.008286465000616805,0.006021906139245248
2018-08-29,0.01492955151517994,0.015081949761661662,0.01596249030894792
2018-08-30,0.009193630534553465,-0.0080732770130848,-0.0006251981973719456
2018-08-31,0.011554249285151696,-0.01804802016620599,0.0033944525783691226
2018-09-04,0.003206904421257706,-0.016634105324285775,-0.005519501111201475
2018-09-05,-0.006524838524072596,-0.01007994370377674,-0.028824468604242703
2018-09-06,-0.01661753987453629,-0.012601174398474302,0.002304298945967842
2018-09-07,-0.008067989147396815,-0.005405387184477473,-0.004873951925850828
2018-09-10,-0.013420847142767478,-0.002148486739005917,0.010812090011358189
2018-09-11,0.025282846633303713,0.012705807630186028,0.017005016436576037
2018-09-12,-0.012418956884092114,-0.015453882829661869,0.004225067038909014
2018-09-13,0.024155209184945514,0.008996092919097975,0.010742241718372902
2018-09-14,-0.011351016303331796,-0.0035190489030346717,0.004074110078090332
2018-09-17,-0.026626235241607454,-0.015407638220867215,-0.010849555659498189
2018-09-18,0.001652167954483863,0.006276678364603994,0.009541719059474207
2018-09-19,0.000595716078222841,0.006134807139072107,-0.013338026494833288
2018-09-20,0.00760185387925727,0.014732574648517627,0.016741097602485322
2018-09-21,-0.010771216214734092,-0.016322924061308197,0.006075687484869974
2018-09-24,0.014380295329975867,0.0063474589439511675,0.003588229777836238
2018-09-25,0.0063406411584172595,0.012148503968394175,-0.001918504070683058
2018-09-26,-0.007965992764454977,0.00014239552604178307,-0.004106565492172143
2018-09-27,0.020551662645945212,0.011138501295743453,0.0037726725138687023
2018-09-28,0.0035118060994985267,-0.00023190224811686644,-0.00034950781809761633
2018-10-01,0.006733485055304911,0.0012011736670380913,0.01084174140008276
2018-10-02,0.008888458157588763,-0.0007363135636465623,-0.003978679669875085
2018-10-03,0.012168625631551855,0.0032211556641921213,0.00017355998893009428
2018-10-04,-0.017580873083789417,-0.028443409093817484,-0.02066507643675508
2018-10-05,-0.01622887452974242,-0.007850031911600053,-0.005851662239772071
2018-10-08,-0.002318516860767006,-0.010198329662460481,-0.011415451338702032
2018-10-09,0.013853630731997413,-0.009299991129143259,0.012720017385834836
2018-10-10,-0.04632600003148579,-0.04629003781310381,-0.05433819410429608
2018-10-11,-0.008828007333249843,-0.001300157085624254,-0.00235472024859551
2018-10-12,0.03571934158928691,0.02732082977806849,0.03455736156790512
2018-10-15,-0.021385817983797795,-0.016152927107575654,-0.017979280268707987
2018-10-16,0.022037022932771322,0.027792867840913837,0.03159856023649499
2018-10-17,-0.004321193561343417,-0.004845096517522518,-0.0026125848275841967
2018-10-18,-0.023373585323954837,-0.026321587694711157,-0.019962305176518425
2018-10-19,0.015229830848588533,0.006621582766603851,0.0014749346846874012
2018-10-22,0.0061102452776415905,0.005600836198198289,0.008926848091574735
2018-10-23,0.009426694358026344,0.003185197677420426,-0.01395618095491613
2018-10-24,-0.03430147118574289,-0.05183369006737326,-0.05346888522687032
2018-10-25,0.021897773093115136,0.043959100519266325,0.05844404952730908
2018-10-26,-0.015923841010159756,-0.01797772141524767,-0.01237299561042804
2018-10-29,-0.018770061025235263,-0.04523193791835323,-0.02907621359178858
2018-10-30,0.004994221605631122,0.014283883212904636,-0.0011555356483337054
2018-10-31,0.026066645441955583,0.039132735859481294,0.029692325423776866
2018-11-01,0.01535241153783895,-0.004218032035930408,-0.008332483981634442
2018-11-02,-0.06633078435188333,-0.01334271141932275,0.002265829080104531
2018-11-05,-0.02838820546266596,-0.014708490550630393,0.012716888399236126
2018-11-06,0.010814130770664843,0.013109325439089492,0.00195313641554562
2018-11-07,0.03032826413478329,0.0361548078930265,0.03936128126778882
2018-11-08,-0.0034892202680064655,-0.012280767121678693,-0.001875579649742165
2018-11-09,-0.0192814370981208,-0.016087505258729484,-0.019508009487533062
2018-11-12,-0.050374285595552015,-0.025682056588391622,-0.024641790019857557
2018-11-13,-0.009991268394685116,-0.001324661218862433,0.0006551735881659138
2018-11-14,-0.028247224872310017,0.006307426126023641,-0.01418102055608117
2018-11-15,0.024678839083103643,0.015617619732367416,0.022006325341004773
2018-11-16,0.01107561128316581,-0.0025955273374167476,0.009414592447875902
2018-11-19,-0.03963216092574284,-0.038239458047189534,-0.033890491262878575
2018-11-20,-0.047777909947401165,0.0029491308176849973,-0.027815051587755546
2018-11-21,-0.0011300878297919592,0.012596498009987522,0.013764700844622446
2018-11-23,-0.025398653605997912,-0.012775072558390055,-0.0003877977289284962
2018-11-26,0.01352346527666115,0.025084871089006144,0.03298702592827696
2018-11-27,-0.0021761402954031395,-0.0034662249134261858,0.006292931588628425
2018-11-28,0.03845304851583897,0.03754710263927952,0.03714765177784107
2018-11-29,-0.007682193704412921,0.0025553606404724594,-0.008369198261635624
2018-11-30,-0.005402406657292191,0.013767842983706702,0.006352586975585384
2018-12-03,0.03494238364845659,0.006047021600122271,0.010821436587272526
2018-12-04,-0.04398905966179678,-0.04827295364040263,-0.031849412385572484
2018-12-06,-0.011149477695736487,0.01469213361914834,0.006174204376430348
2018-12-07,-0.03565673254849189,-0.029218654301335856,-0.04002213447018066
2018-12-10,0.0065878097259683965,0.006306269902807582,0.02642625006472832
2018-12-11,-0.005719352525772492,0.008042373001786451,0.009294497857857964
2018-12-12,0.002787469497939954,0.011378583261123065,0.004512489505403394
2018-12-13,0.010940168444329768,-0.00017698743089022972,0.0033918278945124225
2018-12-14,-0.03199791200328017,-0.020334779939799374,-0.031247248486212742
2018-12-17,-0.00930615541313451,-0.02477852869535846,-0.02961415628308217
2018-12-18,0.01299267486099609,0.017315839792338084,0.010496719138548105
2018-12-19,-0.031191684174085244,-0.007619319714840755,-0.0026930681493403386
2018-12-20,-0.02523474973712969,-0.011472996582183592,-0.021024005672289903
2018-12-21,-0.03889562680022174,-0.03158532806020142,-0.03231215805522214
2018-12-24,-0.0258740863036111,-0.0066380664551513036,-0.041738911911136656
2018-12-26,0.07042146177050612,0.06416354718584172,0.06830951289176657
2018-12-27,-0.00648942492421456,0.004819556857718288,0.006165754777720522
2018-12-28,0.0005121299224741804,-0.005907583731773136,-0.0078080115437723085
2018-12-31,0.009665044725832628,-0.0016432923424409829,0.011754406526470307
2019-01-02,0.001141490902375475,0.009301830567761904,-0.004430371645621434
2019-01-03,-0.09960794378300852,-0.02769561379442842,-0.03678803024580746
2019-01-04,0.0426897469919838,0.05129343350913729,0.04650900100476485
2019-01-07,-0.002226095426891006,-0.0019941994432958188,0.0012754713623994718
2019-01-08,0.019063300775246983,0.008783136412329418,0.0072507348900694435
2019-01-09,0.016981901208489747,-0.0034273953033200355,0.014299779298095006
2019-01-10,0.00319589750539917,-0.002607131557112896,-0.006425938410271503
2019-01-11,-0.009817960409805648,-0.013310694592491679,-0.007721860245725742
2019-01-14,-0.015037138849480991,-0.012175172275753154,-0.007295841252712876
2019-01-15,0.020466944011245713,0.033285533495676534,0.029005463824744115
2019-01-16,0.012216784905780598,0.002761050914496632,0.003523366659096361
2019-01-17,0.005937350706102906,0.008820601762979052,0.0070221464790301
2019-01-18,0.006159568212015687,0.00744226755753874,0.014983033358476172
2019-01-22,-0.02244593469470546,-0.025891798741228156,-0.01884681010866407
2019-01-23,0.0040440500153264836,0.005358722912064406,0.009746353382967365
2019-01-24,-0.007925948100424351,-0.00037809179576187013,-0.004779309583366698
2019-01-25,0.033136669087085124,0.01615307591559101,0.009133668735417322
2019-01-28,-0.009254344579622154,-0.019654896583247594,-0.019501699147510987
2019-01-29,-0.010364987597279773,-0.00907519495989928,-0.020365297128498105
2019-01-30,0.06833473223838005,0.026101293685297344,0.033417364693709706
2019-01-31,0.007201389071472164,0.02541008433166536,-0.018330073463739827
2019-02-01,0.0004805643553598138,-0.006457027771218371,-0.01580050325010174
2019-02-04,0.028405051040611973,0.020382216474615245,0.028799532610904066
2019-02-05,0.017109012978718585,0.009155284255996099,0.013996784053207145
2019-02-06,0.0003447065318620268,-0.025159144081497997,-0.011099079157698588
2019-02-07,-0.018939168438448895,-0.015121665109044002,-0.007167543288117528
2019-02-08,0.0011749890524745954,-0.0031919704450728004,0.00379956424459138
2019-02-11,-0.005750857982220636,-0.0002358146553900209,-0.003974652774413556
2019-02-12,0.008617153125596522,0.023100941336199998,0.015581910216877715
2019-02-13,-0.004154762764410069,0.0009311628345141099,-0.0007483199479794145
2019-02-14,0.0036433148001655535,0.0005050667161374811,0.0008427566556512556
2019-02-15,-0.0022248421515431716,-0.008475087196765485,0.012347793237096116
2019-02-19,0.0029923987731774737,0.0061449604962418025,-0.00046183938516120016
2019-02-20,0.006435406334372784,-0.005255165998097611,-0.005199164203536943
2019-02-21,-0.005638519508626039,-0.014617367460181274,0.021091934611476404
2019-02-22,0.011165538127068775,0.011184474565536284,0.014258149526542585
2019-02-25,0.007284832694438359,0.0006896610033992889,0.0055872125379878845
2019-02-26,0.0005740308796544635,0.004188556481216965,0.006900293556852288
2019-02-27,0.003097255829320522,0.0007842675317482062,-0.0016910004972260362
2019-02-28,-0.009835737828682967,0.0032594220680906005,-0.001248164072119362
2019-03-01,0.010510959726427016,0.01950212588501321,0.0044631553160427995
2019-03-04,0.005029378948704366,0.0042663335680501735,-0.0023992569486346316
2019-03-05,-0.0018196140119720594,0.013672364061727782,-0.004988581003665171
2019-03-06,-0.005754001258153507,-0.0036350275810852484,0.00044764858456125545
2019-03-07,-0.011574511322549497,-0.012095013642377417,-0.012170158935368436
2019-03-08,0.002376713867785707,-0.0007646806887915414,0.0010871061384116754
2019-03-11,0.034642285851875565,0.025470285445638785,0.020993683444773925
2019-03-12,0.011235362507084012,0.015255277536422973,0.007001725476427856
2019-03-13,0.004422240441223302,0.0015117595042053456,0.007744908520211258
2019-03-14,0.0111164350237547,-0.005445884122923239,0.0007860631928666706
2019-03-15,0.013008096173997341,-0.0018699865390574555,0.01151951844067689
2019-03-18,0.010208552265694726,-0.0014702269531076118,0.01432135925345901
2019-03-19,-0.007924691319450616,0.01170338626844436,0.000680546446658381
2019-03-20,0.008738643964980808,0.019934098103750353,-0.001104955353738002
2019-03-21,0.036830249291507355,0.007909142055030127,0.022974786833436234
2019-03-22,-0.02070838871728642,-0.02303954671204045,-0.02636828115039369
2019-03-25,-0.012090818635130174,-0.00850421740798879,0.0052113463586001
2019-03-26,-0.01033183097624224,-0.006297074702116601,0.002124728391935893
2019-03-27,0.008993896498229459,-0.009942527323179018,-0.00966829598204677
2019-03-28,0.0013266915465446338,-0.004872571752440269,0.001370140553388799
2019-03-29,0.006517408672153779,0.003941120013995381,0.00863770570867306
2019-04-01,0.006791290192179611,0.018769745630755397,0.00915701021788129
2019-04-02,0.014536822582565057,0.005471276502515776,0.0014284665449368905
2019-04-03,0.0068548542697575154,0.004371475667650726,0.006544412255002019
2019-04-04,0.0017404542848820093,0.007135777545691058,-0.0050848417815425595
2019-04-05,0.006694303377139388,-0.0065603040428270365,0.004440285668500854
2019-04-08,0.01573604538072293,-0.002616754527480114,0.00033358735372579496
2019-04-09,-0.0029985042182895105,-0.004626446213060742,-0.005419543373179292
2019-04-10,0.005614148293854315,0.003126435872040201,0.0076291253770861545
2019-04-11,-0.008324316444497604,0.0026025975972507887,0.0011646748287925668
2019-04-12,-0.0004020848069153926,0.01086319444871875,0.005152537057499185
2019-04-15,0.001810149584982046,0.003107772802788622,0.0008268935400488342
2019-04-16,0.00010056022058835268,0.004386399377292349,-0.0023132686735670704
2019-04-17,0.01947307095817208,0.00668067234744063,0.008280121384343309
2019-04-18,0.003593649958359535,0.0010724811993965133,0.013139544580039964
2019-04-22,0.0032865793858098957,0.00989954490791689,0.0031613051993806263
2019-04-23,0.014423256290974074,0.013423555040107837,0.013574708556520543
2019-04-24,-0.0015424473477400058,-0.008295341359343622,-0.00342796519376265
2019-04-25,-0.009074865812770505,0.005785494016756765,0.03311721967530912
2019-04-26,-0.004773985175286377,0.007953671241270666,0.005729852858536333
2019-04-29,0.001517384519489795,0.014701522785179222,-0.0009237774011656708
2019-04-30,-0.019256387054230162,-0.0750192382072572,0.006396043699222087
2019-05-01,0.04908575277557303,-0.021385192534588815,-0.02082712001668252
2019-05-02,-0.006507847810345524,-0.005804114773231395,-0.013059160744733345
2019-05-03,0.012431336043661645,0.019751187762973688,0.021313658003962344
2019-05-06,-0.015442738762233232,0.0032870460640679333,-0.0058184232641018685
2019-05-07,-0.026957041832857742,-0.0122333840932759,-0.020522903638497736
2019-05-08,0.0001972067931994559,-0.006854026820512615,-7.967232243466515e-05
2019-05-09,-0.01074407754725637,-0.002400262643039608,-7.961420567548227e-05
2019-05-10,-0.013853587352750885,-0.0002824370545849719,0.012988077161913747
2019-05-13,-0.058119392043138096,-0.026592144795866135,-0.029733465601436193
2019-05-14,0.015830152229732386,-0.010320217866539139,0.011187875536811553
2019-05-15,0.011979459977697893,0.040840632456483394,0.014082143469219321
2019-05-16,-0.004399949989967178,0.011701260453933937,0.023091672453039225
2019-05-17,-0.005681613303430089,-0.013271369690805779,-0.006670319289367899
2019-05-20,-0.031269878238322835,-0.020636842207221395,-0.014445246902211606
2019-05-21,0.019170747917741204,0.008543940211260148,0.005387472548836092
2019-05-22,-0.02047173433294114,0.0012213730916834642,0.006067718017385371
2019-05-23,-0.017069580860715194,-0.009092847444749474,-0.011670837416159596
2019-05-24,-0.0038404861665313206,-0.00587594580714057,0.00047556859003616836
2019-05-28,-0.004134833936666915,0.0008343096830547569,-0.0006335771900972675
2019-05-29,-0.004768993485317008,-0.01721709315222686,-0.009670382107406561
2019-05-30,0.0051867657950304125,0.0013125209578799257,0.006323238909507811
2019-05-31,-0.018115751045909567,-0.013295809798137936,-0.01630484227663187
2019-06-03,-0.010110277169456672,-0.06123813048172411,-0.03104802304885268
2019-06-04,0.03658413040529873,0.015162549248895596,0.027703630109734423
2019-06-05,0.016143111980384983,-0.009340918448799806,0.021679245476907028
2019-06-06,0.014681543006438869,0.002986699119617686,0.01581493029821024
2019-06-07,0.02661706027068922,0.019670319278071835,0.028008129771095902
2019-06-10,0.012779699405385925,0.013469321339913298,0.00913235594182571
2019-06-11,0.011579461429155558,-0.001588604972189711,-0.0037704443149553235
2019-06-12,-0.003182641136640796,-0.0017944704750145757,-0.004618168020301683
2019-06-13,-0.00020587631943258522,0.011036895629054966,0.006312518947457768
2019-06-14,-0.007262443399998042,-0.004317179903952417,0.0009825446028828289
2019-06-17,0.0059665664359411785,0.006987121953935471,0.0030202091822295607
2019-06-18,0.023518597848765976,0.01037582620533195,0.017387878381148303
2019-06-19,-0.0029228074016246497,-0.0006605445923502096,0.003921015247305926
2019-06-20,0.008035764803308476,0.007867774852514442,0.00928592382840554
2019-06-21,-0.003409497704225828,0.010932470120208704,0.00014597783962222444
2019-06-24,-0.0010060923950583334,-0.0077041358664687865,0.0059139468529887385
2019-06-25,-0.015157436333161689,-0.026076816660746682,-0.0315723064670721
2019-06-26,0.021629054166959705,-0.006675442864173764,0.003747352998090925
2019-06-27,-0.0003000639367003455,-0.0034155671599143123,0.0016425062735325735
2019-06-28,-0.009112261497988161,0.005730752170846287,-0.0014159753191007596
2019-07-01,0.01834085436437949,0.015884755355629165,0.012839294621382447
2019-07-02,0.005854568944234195,0.011454604343884123,0.006633224274822602
2019-07-03,0.008287108630105067,0.00933855946272022,0.006443495352469908
2019-07-05,-0.0008806679383968063,0.008619755204966495,-0.00291001427972426
2019-07-08,-0.020614036453791118,-0.014020005656736334,-0.0007294209425798837
2019-07-09,0.0060993861974365515,0.006715610852078502,-0.003650944083640084
2019-07-10,0.009888703975016178,0.014782801801229262,0.01018637890522367
2019-07-11,-0.007282500175865181,0.0027783409954103,0.003989700437389887
2019-07-12,0.007682904076258712,0.00110141453075574,0.0036124919461268945
2019-07-15,0.009394888751860897,0.004513927234635284,0.0
2019-07-16,-0.003459885568897647,0.002564165169675059,-0.013102947167800916
2019-07-17,-0.005623375087299043,-0.005825996884186946,-0.005908730640847737
2019-07-18,0.011359620458640585,0.0004360500624291941,0.0011006518490193073
2019-07-19,-0.01492753014676762,-0.013676303532506484,0.0014660405099906626
2019-07-22,0.022854003448034677,0.006769502125546278,0.013248686684355304
2019-07-23,0.007817995487230167,0.007759702542041058,0.006212148016809582
2019-07-24,-0.0008142425203033765,-0.007247085558757083,0.010266702779533343
2019-07-25,-0.007907248403758116,-0.0033252722916445876,-0.0037668360776693666
2019-07-26,0.003478337419086097,0.0962022757481098,0.008203071002352846
2019-07-29,0.009338082114433321,-0.0027144890103875108,-0.0021927215515110676
2019-07-30,-0.0042920629296272494,-0.011144802895029504,-0.004821601763610794
2019-07-31,0.020404113864947337,-0.007980407114265065,-0.029070347813311193
2019-08-01,-0.021639145287725037,-0.005269971946196272,0.013135297241070543
2019-08-02,-0.021157861286604907,-0.012758136439284695,-0.008401797113655074
2019-08-05,-0.0523479120853767,-0.034748288405295535,-0.034258609359653525
2019-08-06,0.018930369280014014,0.014141619044397036,0.018758021293617366
2019-08-07,0.01035517109131412,0.004124439837484006,0.004380458478531191
2019-08-08,0.02205582271162898,0.025750207085006194,0.026685232904668288
2019-08-09,-0.008240066584059402,-0.014334363185645405,-0.00849599002643131
2019-08-12,-0.002537589732732548,-0.012112135052694484,-0.013942035775820871
2019-08-13,0.0423483924641761,0.018927204016564447,0.020693637939935172
2019-08-14,-0.029765319904731857,-0.02714050671018564,-0.030114517242727068
2019-08-15,-0.0049814302014911105,0.0043547125192267,-0.0022389941059470786
2019-08-16,0.023595003651197377,0.008457880370125848,0.01832736272688784
2019-08-19,0.018644010322646398,0.01800358214053399,0.016748592401262696
2019-08-20,4.752343409908377e-05,-0.014086475555133537,-0.008308734596717327
2019-08-21,0.010838367678491112,0.006801690552521666,0.011146780538275669
2019-08-22,-0.0008462841354096584,-5.030541376427333e-05,-0.007276982422845135
2019-08-23,-0.04622042142453786,-0.0318417081460286,-0.031862474970496435
2019-08-26,0.018999230083170948,0.01525682126170591,0.015443346608554398
2019-08-27,-0.011283786702343535,-0.0003074831046487869,0.0021410832448136574
2019-08-28,0.006710282923686028,0.002502575766405668,-0.0013264395568544085
2019-08-29,0.016931781945121127,0.01745697125697676,0.018884996018952105
2019-08-30,-0.001291813978787082,-0.0031066542774964567,-0.0018826044533100106
2019-09-03,-0.01456356401050296,-0.01762242394942537,-0.013201805216871199
2019-09-04,0.016966541419021652,0.010876001442958527,0.011688034647382883
2019-09-05,0.019551531117679488,0.025307216687861622,0.017583092957119018
2019-09-06,-9.38896971358627e-05,-0.004842375084337491,-0.006783088711955543
2019-09-09,0.004267182276477266,-0.0008705103454383911,-0.01135882785324882
2019-09-10,0.011812970752399066,0.00035686232431109133,-0.010471245176701283
2019-09-11,0.03179527024967177,0.01186029355268925,0.0002937917366114817
2019-09-12,-0.002236173982838374,0.012270426500557985,0.010285238987462364
2019-09-13,-0.01945428691380502,0.004097325017535125,-0.001454277938617743
2019-09-16,0.005257287867507454,-0.006774022918187517,-0.007209078006350067
2019-09-17,0.0036379886793473926,-0.0014208902334408302,0.0077746186828939745
2019-09-18,0.00937931883991694,0.002252221189962933,0.008224926307939695
2019-09-19,-0.008124803721218155,0.004948733430463204,0.01840870833488495
2019-09-20,-0.014618153483119123,-0.00719273887097005,-0.01155423059390226
2019-09-23,0.004546877036190056,0.003943605892785973,-0.0021517257019901814
2019-09-24,-0.004754965399436428,-0.013250324752805853,-0.012649015234298067
2019-09-25,0.015389427715845727,0.022662146400066252,0.014412679311949228
2019-09-26,-0.00515739978460128,-0.002929449216114377,0.0012915229351113666
2019-09-27,-0.004866265418131843,-0.013153137501643375,-0.01297123368879538
2019-09-30,0.023535399607596208,-0.003923501548897201,0.009438627918136211
2019-10-01,0.002768193649487216,-0.012398315129934279,-0.014097622699882795
2019-10-02,-0.025067729984094123,-0.023283518676136983,-0.017655227730486334
2019-10-03,0.00849445125365933,0.009771494992145469,0.012105424483451754
2019-10-04,0.028031911226302553,0.018101063188626254,0.013501899356787916
2019-10-07,0.000220457892228465,-0.002237909511486169,-0.007240150966681624
2019-10-08,-0.011715043915105472,-0.014996860064582451,-0.010574799497404586
2019-10-09,0.011720128057983725,0.010309761028373332,0.01894299560302004
2019-10-10,0.01347842588666115,0.0058798139324920395,0.006221314529051281
2019-10-11,0.026598347912279108,0.005159390734609248,0.004169686064630751
2019-10-14,-0.0014396387925142973,0.0016944284875608506,-0.0009307893521655064
2019-10-15,-0.002331661464114121,0.020094163779327934,0.014474932497793969
2019-10-16,-0.004037146025161253,0.0006117927343589624,-0.008193648322139757
2019-10-17,0.003882763930913802,0.007884102385891323,-0.005127802527131076
2019-10-18,0.004802884383599437,-0.00669694904172724,-0.016321755146870398
2019-10-21,0.01734267316320537,-0.00010448087898151659,0.00742291718680832
2019-10-22,-0.002286809836055448,-0.002475357608369033,-0.014881197321224282
2019-10-23,0.01341896786189789,0.01323728552692982,0.006379798252121649
2019-10-24,0.001645021966525384,0.0011767550536936344,0.01967315612459064
2019-10-25,0.01231606903533855,0.004121969982359142,0.00564589904991486
2019-10-28,0.01001698730963163,0.01952067066841323,0.02458584000306918
2019-10-29,-0.023127807247493193,-0.02197086160351336,-0.00943210349827095
2019-10-30,-0.0001233973805894184,3.1719523915008097e-05,0.012462293218106213
2019-10-31,0.022609645916524146,-0.0015071470770016138,-0.008574546865544486
2019-11-01,0.02838073422481968,0.010684849319979595,0.0024413097130100425
2019-11-04,0.006567270288438509,0.013645208178317159,0.005774905797624852
2019-11-05,-0.0014369516838224072,0.0014188442513716204,-0.0006226312969995762
2019-11-06,0.0004277749737284786,-0.00033281335209134344,-0.00276882594749861
2019-11-07,0.011541352056811505,0.012339120347801158,0.0013880337304243984
2019-11-08,0.0027368910298735116,0.0015762088770392424,0.01178427213197586
2019-11-11,0.007918678278550528,-0.008189485336885793,0.0010279146477452095
2019-11-12,-0.0009154701810151211,-0.0008242209096485098,0.0065706006614481005
2019-11-13,0.009581540349433482,-0.0007938975090030498,0.0016314630690277276
2019-11-14,-0.006919404684421093,0.010006271906076725,0.0050912723523097725
2019-11-15,0.011879191256614963,0.018630480845569952,0.012900408253543771
2019-11-18,0.005042198802348574,-0.010273514924568183,0.0024671613918492152
2019-11-19,-0.0030322107640762264,-0.005493050413130196,0.00033219257036565253
2019-11-20,-0.011641506651755673,-0.008174688369315675,-0.0017343497956593401
2019-11-21,-0.004483435408451308,-0.0013211876043950355,-0.0009357913152187036
2019-11-22,-0.0008776728737953654,-0.004976268037466314,0.0007358997367945541
2019-11-25,0.017533399148743856,0.00925263534224774,0.010963255515644477
2019-11-26,-0.007808544695045994,0.0056370891236641185,0.005289921701110867
2019-11-27,0.01343209662278877,-0.0006625297623988891,0.0019079603226836994
2019-11-29,-0.0022027109762730035,-0.006127579007315309,-0.006171373444159189
2019-12-02,-0.011562279143642051,-0.011678490331330615,-0.01208890743248714
2019-12-03,-0.017830102435970274,0.0045619996765249304,-0.0016049645532848489
2019-12-04,0.008826255524361892,0.01869117549073329,0.0036166535958030988
2019-12-05,0.014671458466874121,0.006080578193784492,0.0005338103392704685
2019-12-06,0.019315688256027252,0.009367204961385323,0.012139281461263973
2019-12-09,-0.013999661356862036,0.0026877555155604416,-0.0025703094016801264
2019-12-10,0.005844116880917349,-7.440894608123916e-05,-0.0015195397662985943
2019-12-11,0.00852957140468602,0.0010126542343040779,0.003771569993760826
2019-12-12,0.002548009979705723,0.0031543345807703016,0.010151827705856542
2019-12-13,0.01359325097009445,-0.001201396187655912,0.00841796215109647
2019-12-16,0.017118166438864657,0.010268371280654387,0.006471116516575837
2019-12-17,0.0019653138084996247,-0.004270038926834974,-0.005400673418701096
2019-12-18,-0.002389665541455477,-0.00219929346621095,-0.0020684330408471396
2019-12-19,0.0010010904150081767,0.0033507212793737473,0.008680112860555367
2019-12-20,-0.0020711379887364822,-0.0038483261999086027,0.010918138082014028
2019-12-23,0.016318160493338674,-0.00043657739228908365,0.0
2019-12-24,0.0009505908546174613,-0.004590440427698628,-0.00019065375416471575
2019-12-26,0.01984032438304717,0.013418197304737367,0.008196418546678741
2019-12-27,-0.000379197239444129,-0.005746829233613804,0.0018281162933475592
2019-12-30,0.005934943876050536,-0.011021499192676809,-0.008618770303741807
2019-12-31,0.007306587339221959,-0.00023878325950610346,0.0006979266963567099
2020-01-02,0.022816740043084538,0.02186821242024517,0.01851607569599545
2020-01-03,-0.009722572228278104,-0.005231425970415815,-0.012451620319849477
2020-01-06,0.007968492242227843,0.026654228763170362,0.002584884317769376
2020-01-07,-0.004703299917663828,-0.0019316772669150106,-0.009117672381890318
2020-01-08,0.016086224007016092,0.007117687148332497,0.0159282281051778
2020-01-09,0.021241097316556434,0.010497996596809278,0.012493041443238484
2020-01-10,0.0022603607007189996,0.006458567248316394,-0.004627244734860425
2020-01-13,0.02136468503478528,0.007746909926542145,0.012024331349923756
2020-01-14,-0.013503471546711943,-0.006555295434936381,-0.007043040223792318
2020-01-15,-0.004285275528183252,0.006018591741167256,0.006476446085769361
2020-01-16,0.012526603991369845,0.007615314163306852,0.018323220282877584
2020-01-17,0.011070713435510582,0.020245869848901865,0.005596478760442336
2020-01-21,-0.006776880506041971,0.0018454351806325153,-0.003590521636235189
2020-01-22,0.0035697243310246485,0.0010926699256557093,-0.004805062098969026
2020-01-23,0.004815653184673918,0.0005526179265655795,0.006155797519550088
2020-01-24,-0.0028819171007733457,-0.012473871897156985,-0.010076759576312377
2020-01-27,-0.02940513003628409,-0.023489832756612095,-0.016723039551971852
2020-01-28,0.028289036164387493,0.013110042963218271,0.019595817332676235
2020-01-29,0.020932763562509393,0.0042743789345398575,0.015592705040674115
2020-01-30,-0.001449276915034825,-0.0016818206150742698,0.028207639009007357
2020-01-31,-0.044338597285743186,-0.014763627013404168,-0.014758690274565
2020-02-03,-0.00274675700590421,0.03477146557024624,0.024378948073485063
2020-02-04,0.03301379699398943,-0.025084273426293824,0.032916481962139255
2020-02-05,0.008154341710163715,0.0004427491568490538,-0.0012214333909374986
2020-02-06,0.011696982841771675,0.020690875569618683,0.020733946767152345
2020-02-07,-0.013592396728188794,0.002127453563094628,0.0014156741191957423
2020-02-10,0.004749282998890436,0.01997819153280611,0.026156996670253063
2020-02-11,-0.006033211330288002,0.0009280427536608737,-0.02257559314047819
2020-02-12,0.023747846342151435,0.005675319283724445,0.0014640712555196167
2020-02-13,-0.007121058377691614,-0.003450464068009751,-0.005413964777887026
2020-02-14,0.0002463046541198999,0.003528340426325993,0.008927164228649254
2020-02-18,-0.018310603204702236,0.00046756497899891336,0.010142884605830682
2020-02-19,0.014482451883559566,0.0035735941367718294,0.0029991226898975487
2020-02-20,-0.010258839843972578,-0.005167503186843447,-0.01527124543650471
2020-02-21,-0.022635230868531697,-0.022103059576757955,-0.031612557106986405
2020-02-24,-0.04749977600618527,-0.04287283430488997,-0.04311539905433215
2020-02-25,-0.03387239628472505,-0.023622012341995235,-0.01650188827716792
2020-02-26,0.01586358687132261,0.0029935037591253266,0.012494802186616472
2020-02-27,-0.06536836181238737,-0.05431242960843019,-0.07045918747061863
2020-02-28,-0.0005850907852810172,0.01847977920876298,0.02421329361493485
2020-03-02,0.09310072946282522,0.03514642816821656,0.0665386330648452
2020-03-03,-0.03175891067466896,-0.035056824529745345,-0.047919281232964295
2020-03-04,0.046384536352886085,0.032802130030499255,0.0367151078184047
2020-03-05,-0.03243696499229143,-0.04837878000883289,-0.025095283342287056
2020-03-06,-0.013280219913228919,-0.014466360530822842,-0.028267166448242786
2020-03-09,-0.07909201265142474,-0.06170228469194561,-0.06777256525374975
2020-03-10,0.07202131905684928,0.04884069739525665,0.068384167664437
2020-03-11,-0.03473030255069198,-0.05040114017669273,-0.04530208086355236
2020-03-12,-0.09875482902369825,-0.08204640344493774,-0.09483841102327684
2020-03-13,0.11980841805237707,0.09241149219759204,0.1421689932275596
2020-03-16,-0.1286470407300334,-0.11634148393409005,-0.14739034669854834
2020-03-17,0.04397016644251095,0.0419943746082847,0.08233678692682078
2020-03-18,-0.024480025056585752,-0.024032641391788512,-0.042096157305723914
2020-03-19,-0.007662170003151281,0.01876841829614473,0.01645287862528333
2020-03-20,-0.06348527147392513,-0.03909427047679803,-0.037558480014816875
2020-03-23,-0.021244480310587344,-0.013180988079055433,-0.00997461434312874
2020-03-24,0.10032560900077869,0.0719835990459814,0.09089585122714605
2020-03-25,-0.005508770803336005,-0.025123669009966654,-0.009572828863249838
2020-03-26,0.05262308348379907,0.055645222758553325,0.06255124681050939
2020-03-27,-0.04140230516502197,-0.04528241416802303,-0.041060753874459066
2020-03-30,0.02853786131954572,0.03246975627635296,0.0703406780702549
2020-03-31,-0.0020407990364257333,0.013643745151600717,-0.015727481488886808
2020-04-01,-0.05261690907943961,-0.051508225447245426,-0.035508371825445084
2020-04-02,0.016686644627463387,0.013546944087282187,0.020708663492407853
2020-04-03,-0.014371419593932622,-0.02178110647270559,-0.009210354018321598
2020-04-06,0.08723757924482145,0.08281331555505989,0.07436820106270536
2020-04-07,-0.011582455035482608,-0.0005324388775347355,-0.010770427245501146
2020-04-08,0.025595094309528,0.020666946787328833,0.010031083689561626
2020-04-09,0.00721578147789903,-0.0003561600717280067,6.0737553129630584e-05
2020-04-13,0.019627152313052232,0.003182474014460368,0.0022402865709978403
2020-04-14,0.05050340087096061,0.045290626095399356,0.04948346868197184
2020-04-15,-0.009127377279127047,-0.00626772849589563,-0.010477856415513687
2020-04-16,0.00794599374616145,0.00010334868037831235,0.03002095479221012
2020-04-17,-0.013568921513954613,0.017154047049980914,0.008811753358589636
2020-04-20,-0.020756662761816647,-0.013956172309352644,-0.019820997767233783
2020-04-21,-0.030910311900370524,-0.03884545631587921,-0.0413572037921307
2020-04-22,0.028803550949306755,0.03815496019927944,0.03396497583127367
2020-04-23,-0.003875304036897731,0.01013973005446478,-0.012102268726693843
2020-04-24,0.02886943946941134,0.00427172800632758,0.01825905361900193
2020-04-27,0.0007068833194803226,-0.0044963899558339016,-0.0028644764207943485
2020-04-28,-0.016209436898329876,-0.030113398804972324,-0.024360782485738364
2020-04-29,0.032844986618667305,0.0889104199448425,0.04487367346700766
2020-04-30,0.02109664433999625,0.0033675779046173915,0.010032378830516775
2020-05-01,-0.01609965483500242,-0.021816302938134413,-0.025891561363617144
2020-05-04,0.014148954762047694,0.004235747118788824,0.024459842327780867
2020-05-05,0.015008617864031848,0.01974455768582084,0.010736190429498471
2020-05-06,0.010317522015395042,-0.002661172652380195,0.009847116648997511
2020-05-07,0.010344977963602453,0.017726613274577474,0.005806982149733075
2020-05-08,0.02380175932498174,0.010998613822648995,0.0058823626631765435
2020-05-11,0.015735104841243297,0.013905464706583492,0.011154229815149685
2020-05-12,-0.011428214519579427,-0.020240976083171325,-0.022651628982228056
2020-05-13,-0.012074154450388286,-0.019524814617736586,-0.015122581218747877
2020-05-14,0.006143501404520801,0.006326465905449163,0.0043395851068055435
2020-05-15,-0.005912254695549901,0.011939400213025753,0.014568241663116988
2020-05-18,0.023561382184406954,0.008826987533931518,0.009554421707018257
2020-05-19,-0.005778281210816583,-0.007782422410433254,-0.006922300722045027
2020-05-20,0.01944782275421364,0.02529102916490289,0.013870658570143801
2020-05-21,-0.0074551811397041146,-0.001710127924627547,-0.012011229925239064
2020-05-22,0.0064383795908147246,0.00461343759861621,0.00043620940968991384
2020-05-26,-0.00677369457601773,0.005752506762815024,-0.010571730194365303
2020-05-27,0.004357025421919181,-0.000766667429842216,0.0013218583978269471
2020-05-28,0.0004401654152499379,-0.0014363752244404004,-0.0022551426169220568
2020-05-29,-0.0009740609244838216,0.010774023242571484,0.010198559395649287
2020-06-01,0.012298202799248426,0.0009416718154862114,-0.0022917403051232466
2020-06-02,0.004628916662019922,0.0051851274949976656,0.011376483113633151
2020-06-03,0.005505174484918385,-0.0021216538320889544,0.0024336941929228306
2020-06-04,-0.008612144994083137,-0.017335469132641057,-0.013163795027043235
2020-06-05,0.028480929032388858,0.018185599195267743,0.023398353089026935
2020-06-08,0.005912648632781847,0.005569524611951815,0.006196635732832467
2020-06-09,0.03157815563121669,0.0027899038512504415,0.007644993352473817
2020-06-10,0.025727362468400017,0.008691048623739261,0.03709164763073214
2020-06-11,-0.04801041992170452,-0.0428757286860636,-0.053698526660823864
2020-06-12,0.008633587761974315,0.007860857210213013,0.007891857247681822
2020-06-15,0.012366919637982532,0.005534678108883639,0.006391400359025301
2020-06-16,0.026502108717915585,0.01811018670721065,0.024505517783354858
2020-06-17,-0.0013915367286068125,0.004196508314910474,0.003461304826927858
2020-06-18,0.00039825087856559804,-0.012681165546609918,0.010708292022502786
2020-06-19,-0.005714657956471858,-0.006610351979461027,-0.005959718842491912
2020-06-22,0.02616375656190173,0.018264145966629508,0.027773842327433407
2020-06-23,0.02134499254294142,0.009182076295864983,0.0066807674652222815
2020-06-24,-0.017652225534758537,-0.021366463873558783,-0.020157602123026863
2020-06-25,0.013275601233704526,0.005863050279711457,0.01263657509804017
2020-06-26,-0.030725826967242464,-0.054513863258007,-0.020016028085798054
2020-06-29,0.023046891734144648,0.0254158598372205,0.01074737348978494
2020-06-30,0.008347327644099511,0.014944340784848631,0.025549140918072144
2020-07-01,-0.0018914915876699911,0.016889499800225805,0.005847219602745701
2020-07-02,0.0,0.019368842914159856,0.007621143417370968
2020-07-06,0.026750232784298777,0.020218667628525422,0.021526103127655905
2020-07-07,-0.0031028224948788097,-0.00648824429871897,-0.011628036179001655
2020-07-08,0.023290090436235422,0.00918172519464,0.02199310055164383
2020-07-09,0.004300260880350626,0.01001587810904625,0.007000760135552175
2020-07-10,0.0017492889846411064,0.013400206502243162,-0.0030327800632534707
2020-07-13,-0.00461301745308651,-0.017400783249191476,-0.030888672367060943
2020-07-14,0.016548381059884543,0.005706661615643371,0.00618124911117679
2020-07-15,0.006877329093109896,-0.002616957659546837,-0.001487757171856452
2020-07-16,-0.012304849455207822,-0.001292077524651436,-0.01980418207797885
2020-07-17,-0.0020203365458349998,0.0012739902920175794,-0.00509975437267407
2020-07-20,0.021073841729942533,0.030978898585396042,0.0429811535018656
2020-07-21,-0.013801580875092534,-0.005064742382592358,-0.013469038304854464
2020-07-22,0.002809104128430384,0.005739492962126391,0.014371465260032634
2020-07-23,-0.04551623448983033,-0.030737778689837625,-0.04349486329793639
2020-07-24,-0.0024771351622946414,-0.0056303495810204884,-0.006122052765433095
2020-07-27,0.023700158117568648,0.014069521268653684,0.012667721934353615
2020-07-28,-0.016427695068881976,-0.01685589367129159,-0.008977183590685889
2020-07-29,0.01916829802402753,0.013207699722344035,0.01009786942586377
2020-07-30,0.012100285587508086,0.009753902059566943,-0.0007840631171589507
2020-07-31,0.1046888216782289,-0.03277498818071645,0.005443852537957206
2020-08-03,0.025197377099997142,-0.003487978030174421,0.05624097584334353
2020-08-04,0.006678252941679341,-0.006380050282183802,-0.015008660412537234
2020-08-05,0.003624640880185659,0.003929939777181479,-0.0016410191926143902
2020-08-06,0.03488921226039521,0.01748374980385181,0.016014063997020322
2020-08-07,-0.02273581427794069,-0.004372074293439332,-0.017887620254463554
2020-08-10,0.014534949796017438,-0.0010346087326754683,-0.019908060830060914
2020-08-11,-0.029740026553831234,-0.0108765399193258,-0.023385211246278237
2020-08-12,0.03323420257225562,0.018034071672835106,0.028567475123623343
2020-08-13,0.01769768150752804,0.006243227388643913,-0.002342698111246766
2020-08-14,-0.0008912032348468157,-0.007925397120035926,0.0009584035022973669
2020-08-17,-0.0026107397182328906,0.007716214221302975,0.006606034791066584
2020-08-18,0.008332736791923034,0.02607761345858517,0.005754473959979078
2020-08-19,0.0012546013360876795,-0.007179747759658794,-0.0060672009831865825
2020-08-20,0.022189769166721662,0.020484263854562812,0.023271455026411036
2020-08-21,0.05153220928038005,-0.0004313179065198458,-0.00727003214531774
2020-08-24,0.011960509016923693,0.00608022194641733,0.0031452153458166876
2020-08-25,-0.008203803771539842,0.013058820373626823,0.013009674392336468
2020-08-26,0.013599065919952302,0.023837725098622364,0.021619376116299494
2020-08-27,-0.011954283896326912,-0.009494307299574456,0.02455368865340568
2020-08-28,-0.0016198731544830869,0.006699284751697121,0.010283113973932112
2020-08-31,0.03391215202520148,-0.006038604824142313,-0.014765686576906023
2020-09-01,0.039832561121554644,0.015679343548654634,0.0077154332970179595
2020-09-02,-0.020718434373104277,0.03764769080962105,0.01927215458885323
2020-09-03,-0.08006090616817318,-0.05117059017487413,-0.06194685470543182
2020-09-04,0.0006617689234507118,-0.0296409219995718,-0.01403591635772472
2020-09-08,-0.0672948503244375,-0.03643411605267144,-0.05409569164747574
2020-09-09,0.039886521978736766,0.015509385989958435,0.04258341434350399
2020-09-10,-0.03264569166709175,-0.013689103115171575,-0.028018290704476034
2020-09-11,-0.013128830031106764,-0.006742847003540109,-0.006524671503573165
2020-09-14,0.02999972968358544,-0.004571994996386608,0.006763522548073109
2020-09-15,0.0015605851123321468,0.017423996252842855,0.016406386264341766
2020-09-16,-0.02951367934256277,-0.015001923887644986,-0.0178657338770446
2020-09-17,-0.015963685289765328,-0.01656647604460093,-0.010436441018104148
2020-09-18,-0.03172026332827127,-0.02417550609985153,-0.012419218507697116
2020-09-21,0.030325705834479466,-0.01443748499180697,0.010728767970442643
2020-09-22,0.015715973869174116,0.02075318594908704,0.024094206138604468
2020-09-23,-0.041946050373421584,-0.034545382086155096,-0.03292849330971459
2020-09-24,0.010268733827425214,0.009557357267805378,0.012961978755373194
2020-09-25,0.037516169450624304,0.01138569362141384,0.02278645197001561
2020-09-28,0.023868937604896834,0.013619915772078883,0.007795189954048709
2020-09-29,-0.007567946614806864,0.0050456275384807014,-0.010408775742208998
2020-09-30,0.015075939990478515,-0.0002864792175347741,0.014812352138262153
2020-10-01,0.008462058390878102,0.015215504894113163,0.010127089052982763
2020-10-02,-0.03228015082337354,-0.021708314728780653,-0.029511484868745885
2020-10-05,0.0307909897599552,0.018707098828901536,0.020321039475084346
2020-10-06,-0.0286694039724934,-0.021452304936438016,-0.02124713486074803
2020-10-07,0.016967024539877196,0.005596065383557169,0.019037112121849775
2020-10-08,-0.0009557499952120851,0.01664679945350178,0.0035744997513795784
2020-10-09,0.01739569541303232,0.01821458509958096,0.024836105320236612
2020-10-12,0.06352057980258308,0.03584365731586758,0.025902523773544628
2020-10-13,-0.026527331088344597,0.0015850763433635784,0.006594277821376782
2020-10-14,0.000743275176390279,-0.0023163519440478897,-0.008974118778322104
2020-10-15,-0.003960715408832027,-0.00509785001155616,-0.005433517462328896
2020-10-16,-0.014000668353860601,0.007862703386782854,0.0
2020-10-19,-0.025541794237468163,-0.02408000524830045,-0.02476552179465441
2020-10-20,0.013191863065610265,0.01381090719736977,0.002007462030139129
2020-10-21,-0.005446313064249808,0.02250697383368716,0.0006988021919043241
2020-10-22,-0.009583392196149565,0.013032932700218103,0.00041909207762125256
2020-10-23,-0.006133828190199142,0.0163817677427589,0.006235689853318682
2020-10-26,8.699715084325987e-05,-0.029816702196200917,-0.028441903382497302
2020-10-27,0.013472477579900666,0.009209269923519336,0.01508929166998807
2020-10-28,-0.04631232399906282,-0.05508876624155279,-0.04956630618272406
2020-10-29,0.03705044633202803,0.030500649705536897,0.01006509754441054
2020-10-30,-0.056018130366180086,0.03804387211120752,-0.010990314122615308
2020-11-02,-0.0008267755085101802,0.005080167097937016,-0.0006915605444660633
2020-11-03,0.015353756839792121,0.013137797941763951,0.020263797809927375
2020-11-04,0.04083648588263,0.060881367656707486,0.0482489454805457
2020-11-05,0.03549369585415829,0.009536819839075283,0.031886789931524495
2020-11-06,-0.001136146709869501,-0.0015716096147845304,0.0019258479519348448
2020-11-09,-0.019967853263639146,0.00096041334934438,-0.023824499942653787
2020-11-10,-0.003009034102880115,-0.01345502118376718,-0.03379277777806067
2020-11-11,0.030352648679771832,0.005472848646208561,0.02625479485782667
2020-11-12,-0.002343260387340451,-0.002524163433234805,-0.005125808803898013
2020-11-13,0.00041937525500768125,0.01689209482691645,0.004966377175195991
2020-11-16,0.008720333431967209,0.0009987492032570433,0.0033255966741538856
2020-11-17,-0.007564124893681634,-0.006972847212920463,-0.012751443612093238
2020-11-18,-0.011391381398462297,-0.011931891108238113,-0.013183732294624884
2020-11-19,0.0051681259582934125,0.010300762329608082,0.0063482594743800025
2020-11-20,-0.01095746375005291,-0.012618170140561658,-0.009556427292845449
2020-11-23,-0.029742565142769073,-0.0050795194356285656,-0.0013308174664350414
2020-11-24,0.011594191137274779,0.021035446012268144,0.01784769788492202
2020-11-25,0.007467100539966687,0.00013027609481519598,4.668126580020804e-05
2020-11-27,0.004826339894553611,0.012975270692297203,0.00635902530510335
2020-11-30,0.021099551919688375,-0.01825377020932273,-0.005389394025959837
2020-12-01,0.030827463176913872,0.02334699904419346,0.009996349109247848
2020-12-02,0.002933458029385161,0.01649240799810059,-0.003885056903462747
2020-12-03,-0.0011374560985204507,-0.0017148882971659285,-0.005246608709472023
2020-12-04,-0.005612553982419888,0.0010537195601136862,0.0005600691965048643
2020-12-07,0.012269937078575932,-0.0036900282039996624,-0.00032652415517331335
2020-12-08,0.005090966656642326,-0.0031370864717010782,0.008026451105616061
2020-12-09,-0.020903703602049184,-0.01847810722134402,-0.01948977709934685
2020-12-10,0.011988935822252467,-0.005742915058233433,-0.006043418341466045
2020-12-11,-0.0067348067856843885,0.0040449279743342,0.013015275492933576
2020-12-14,-0.005146759696348702,-0.012699978584997718,0.0044080386015274975
2020-12-15,0.05009040871632231,0.005033485759408762,-0.00032684196680443645
2020-12-16,-0.0005473194693762506,-0.0022089134215242945,0.024050719842448887
2020-12-17,0.006963505796927949,-0.00949239674413116,0.0006383957693887332
2020-12-18,-0.0158510146738573,-0.0082101810584283,-0.0037828658133431947
2020-12-21,0.012395379943178186,0.004831260254645642,0.01829919897870602
2020-12-22,0.028464571556799934,-0.00826719450880864,0.0060649879840011245
2020-12-23,-0.006975935081181217,0.004656435928496405,-0.013039239925722534
2020-12-24,0.007712146815082699,0.0034312415381405614,0.0078273608537891
2020-12-28,0.03576560675952156,0.02295056543909224,0.009921400240424871
2020-12-29,-0.013314734261522632,-0.009132164053595404,-0.003600458121014949
2020-12-30,-0.008526646641579205,-0.012237118569764283,-0.011019335551103904
2020-12-31,-0.007702807815442747,0.009439960010089399,0.0033379163710234305
2021-01-04,-0.02471900326188592,-0.015125910138770515,-0.021266089297341306
2021-01-05,0.012363521823378854,0.008064437957567616,0.0009646608171183235
2021-01-06,-0.033661395851978915,-0.009867577472017608,-0.025929400221355592
2021-01-07,0.03412320604124597,0.02986861615106684,0.028457146483452656
2021-01-08,0.008631218181806233,0.013238697630381546,0.006092773787352623
2021-01-11,-0.023248697205592972,-0.023105668041152216,-0.009698566265959996
2021-01-12,-0.0013956934500872764,-0.010738629629720275,-0.01177069330448055
2021-01-13,0.016226556588082586,0.005652054562872433,0.006560498297648598
2021-01-14,-0.01512704504488549,-0.009346179472510152,-0.015346300006570335
2021-01-15,-0.013730548091569927,-0.0019065053264289977,-0.0017370677127607204
2021-01-19,0.005427084863326659,0.032906720797865274,0.01782290409315812
2021-01-20,0.03285611933255406,0.0535732350255278,0.0364995188742383
2021-01-21,0.036658362958511326,0.0021701906273239313,0.0028083389541786463
2021-01-22,0.016073803872339587,0.0044634535493197625,0.0043562385287303496
2021-01-25,0.027683857248302024,0.0009088226605946659,0.015844122399154115
2021-01-26,0.001679159834978794,0.00721657412601906,0.012198850879514334
2021-01-27,-0.007683730965280411,-0.04665221919838758,0.002453527607539696
2021-01-28,-0.03498529322443311,0.018835247514692455,0.025890722459366966
2021-01-29,-0.03742037907340101,-0.013943575967254485,-0.02917156209760885
2021-02-01,0.016519861559174176,0.03595908434123163,0.03315222696885112
2021-02-02,0.006336860997770977,0.013760593788977316,-0.0005843973060593033
2021-02-03,-0.007778247218102052,0.07282515250959753,0.014571566849835849
2021-02-04,0.025757662913193036,-0.002549908906795073,-0.004074034560625828
2021-02-05,-0.0030982100206156105,0.01714042038549346,0.000785152003620615
2021-02-08,0.0010969246207899186,-0.002063383453557721,0.0011148118844088728
2021-02-09,-0.006573765127717235,-0.00437993002627679,0.005361332995931223
2021-02-10,-0.004558358834467313,0.005343563563562137,-0.0038968965434975633
2021-02-11,-0.0019205059076142783,0.0010878843874722044,0.006877295520814064
2021-02-12,0.0017760879478854186,0.0030067117290051293,0.002045084411826492
2021-02-16,-0.01610372473137356,0.007479628904663027,-0.0052653073791274485
2021-02-17,-0.017644013355310406,0.0037521581472879095,0.004359297796786343
2021-02-18,-0.00863663464699671,-0.0060464520132246236,-0.0016787633011077219
2021-02-19,0.0012334546113836886,-0.008072757379689932,-0.011567471882554359
2021-02-22,-0.029798934638632257,-0.016540590210658457,-0.026808285275149002
2021-02-23,-0.0011112374844621797,0.0028525231910419002,-0.005287537046636537
2021-02-24,-0.004052028163369248,0.011499464409935989,0.005487251638696344
2021-02-25,-0.03478267215122788,-0.03256534804346478,-0.023705126714423708
2021-02-26,0.0022317280296562103,0.002956376879649447,0.014804146992163147
2021-03-01,0.05385116649663635,0.02361645069885321,0.01962306034969563
2021-03-02,-0.020893692467889746,-0.002502806525379153,-0.0129568277671398
2021-03-03,-0.024456644672597116,-0.025706367829744114,-0.026980811171164798
2021-03-04,-0.01581175266108903,0.011196185781222612,-0.0036474358836297016
2021-03-05,0.010738179993782238,0.031043239752397422,0.02147940505825985
2021-03-08,-0.04167322904358861,-0.04271186936941063,-0.01817784147296997
2021-03-09,0.04064953303869334,0.01636858154813603,0.028101431669606214
2021-03-10,-0.009166565891302159,-0.0020437125013739177,-0.005817545231662669
2021-03-11,0.016502577923011685,0.031603062596693654,0.020265090371284655
2021-03-12,-0.007625490063092988,-0.0240604541161884,-0.005819633433833071
2021-03-15,0.02445678995757783,0.0021658900287964133,-0.003987211415891645
2021-03-16,0.012743035213752973,0.014334737627348826,0.012350281636057892
2021-03-17,-0.006450487374377145,-0.0008013663373396263,-0.002818416144038771
2021-03-18,-0.03390527585992531,-0.02923812827205352,-0.026662141894170932
2021-03-19,-0.00448010150088074,0.0027804359314673732,-0.0016036841084244857
2021-03-22,0.028335733391140705,0.0018401792332605194,0.024484501234396827
2021-03-23,-0.006888672600564472,0.005239628630785198,0.006737499469068764
2021-03-24,-0.019993669654876256,-0.004311000213109817,-0.008923301214187052
2021-03-25,0.004163645899412538,-3.428750008405146e-05,-0.013250648858308844
2021-03-26,0.0051412411760125565,-0.003803248557477712,0.017818634367417596
2021-03-29,0.0014852042987976155,0.010401233767641793,-0.0052435561674779585
2021-03-30,-0.012274470349851518,0.00033247394832880417,-0.014410619519938161
2021-03-31,0.01876567060745038,0.007842682202263696,0.016907279961442256
2021-04-01,0.006958538391394153,0.03261064688113158,0.02790851468839728
2021-04-05,0.023577302745531492,0.041872884070334404,0.027728575081806373
2021-04-06,0.002462139077169523,-0.004371490345323692,-0.004858026518846592
2021-04-07,0.013390591140774122,0.0134752009582908,0.008230385213870095
2021-04-08,0.01923353406736683,0.005091446185302662,0.013405433967172531
2021-04-09,0.020251903284520756,0.008993898841335168,0.010266496145225679
2021-04-12,-0.013233074008598078,-0.011472417261112478,0.0002344468839388103
2021-04-13,0.024306314680688113,0.004370344763207967,0.010081818476114002
2021-04-14,-0.01785289731844797,-0.005553516274855785,-0.011219006720223468
2021-04-15,0.018707630024204835,0.019331818736734396,0.015297786275001446
2021-04-16,-0.0025277452681941037,-0.0010940175303428834,0.004778344346026975
2021-04-19,0.005068301912565465,0.0030708673224870697,-0.007670234139872667
2021-04-20,-0.012829855232458387,-0.004694734965015712,-0.0018552366685492538
2021-04-21,0.0029296914003571484,-0.0002896270411970603,0.008983113465671266
2021-04-22,-0.01168511915623982,-0.011337130568008669,-0.013086136794769221
2021-04-23,0.018038361382775037,0.021047477496079825,0.015476205625865713
2021-04-26,0.002978036081709101,0.004347938388421513,0.0015317834161652222
2021-04-27,-0.002449799537060149,-0.008203689128227998,0.001605785736983778
2021-04-28,-0.006027319161808986,0.029707816420315947,-0.02828580167325412
2021-04-29,-0.0007483409901816174,0.014293953092382683,-0.008053138478829158
2021-04-30,-0.015133361385410216,-0.01640780135269415,-0.0013068268869489419
2021-05-03,0.008215342871531695,-0.004427422035831463,-0.0012690400679244984
2021-05-04,-0.03538524137701593,-0.015471107108682602,-0.01615960983269904
2021-05-05,0.001955372308366732,0.003441994677371829,-0.005327133954462271
2021-05-06,0.012802541270996892,0.009754609526487323,0.013226679331620916
2021-05-07,0.0053272020363202,0.0062378437506238615,0.010931791257010604
2021-05-10,-0.02580446504873246,-0.02558747002131223,-0.020914185988431644
2021-05-11,-0.0074101620755295805,-0.009464372765272677,-0.003843196114614811
2021-05-12,-0.024938706103701747,-0.030752535741928044,-0.02936273784941945
2021-05-13,0.017920001261300333,0.013084924827646116,0.01686181901387407
2021-05-14,0.019844518462651894,0.022135095654971737,0.021067151586340094
2021-05-17,-0.00925856521542101,0.004626084085813886,-0.011968474238383875
2021-05-18,-0.01124572751548325,-0.011555646821544974,-0.008564870983985506
2021-05-19,-0.001281484083472617,0.003991199089160347,0.002473941886918407
2021-05-20,0.021012095921593366,0.015606488957277564,0.013820131518037071
2021-05-21,-0.014767142877198824,-0.005557102226300903,-0.005314631809102077
2021-05-24,0.013314305637079471,0.02916565742266064,0.0228821109152324
2021-05-25,-0.0015736975192111036,0.0007751738403567465,0.0037481640814160944
2021-05-26,-0.0003939368536137744,0.007380762761540316,-0.0009137560197484129
2021-05-27,-0.01237670700947413,-0.007406587684818833,-0.008668488156407084
2021-05-28,-0.005348258559241592,-0.0024675556710574975,0.0014843550208225587
2021-06-01,-0.0026480146685869954,0.010323132364233656,-0.009131732375158297
2021-06-02,0.006276098205713954,-0.00444738290703961,-0.00040434996917004806
2021-06-03,-0.012154247542860541,-0.009706357716754432,-0.00642935418604218
2021-06-04,0.019022071326607604,0.0195902384443154,0.020674775864429895
2021-06-07,7.960546934215884e-05,0.003647281600961172,0.012041940336169787
2021-06-08,0.006671882765603598,-0.0016067241517573327,-0.004885460374983053
2021-06-09,0.00307720218651375,0.003960969515594215,0.004038546617840533
2021-06-10,-0.008023306863200519,0.011291676417558794,0.014393169512806558
2021-06-11,0.0098326906483297,-0.0020244296942326656,0.002527063127952589
2021-06-14,0.024577902466002666,0.007698900149902599,0.007754990971879261
2021-06-15,-0.00643751305507545,-0.008379290861477484,-0.005887197344106143
2021-06-16,0.003933771045133261,-0.0053285691827447135,-0.003792966984715207
2021-06-17,0.012600870410202969,0.00803983496702565,0.013676235829621186
2021-06-18,-0.01009198435578973,-0.013409315186773352,-0.005634362099873336
2021-06-21,0.01410403736220811,0.014166034158386465,0.012334819654213902
2021-06-22,0.012698381234845124,0.004252529909382741,0.010965965045824921
2021-06-23,-0.0020899367181888007,-0.0016635175861741125,-0.0009038438254824754
2021-06-24,-0.002169035563753696,0.003054109913643188,0.0053529273951766765
2021-06-25,-0.0022484007816515605,6.948361208025666e-05,-0.0062620058646641885
2021-06-28,0.01254558445970555,0.000224474738196756,0.013961144393877412
2021-06-29,0.011500433793981468,-0.0021504150566635793,0.00997308297178634
2021-06-30,0.004621242992994601,-0.001496645713333744,-0.001842036345782061
2021-07-01,0.0022635210334784883,0.0029077554289385077,0.0025839826382079156
2021-07-02,0.019596190543770486,0.02297358006324557,0.02227539198503581
2021-07-06,0.014718508305593847,0.0074447261391401565,3.590461507241294e-05
2021-07-07,0.01795540912195448,0.0022504812858683554,0.008175505455771725
2021-07-08,-0.00919963539202373,-0.01130663810073973,-0.008966267490960855
2021-07-09,0.013055003284565325,0.003794670998593208,0.001874273352340694
2021-07-12,-0.004204044557429176,0.011607886837381232,-0.00223091407887821
2021-07-13,0.007889625187169846,0.002882363483655226,0.013198022668442055
2021-07-14,0.024100318960308842,0.0070322576756634,0.005444917923161707
2021-07-15,-0.004492060948688148,-0.009607210884557293,-0.005238438217115338
2021-07-16,-0.014075998829260361,-0.0002755089467285643,-0.0009963809906761156
2021-07-19,-0.026914348682017586,-0.018839148744381196,-0.013321515259013483
2021-07-20,0.025973843812851838,0.013096267702325637,0.008338866232158626
2021-07-21,-0.005131762627541114,0.0106133503998318,0.007446776790506204
2021-07-22,0.009628838440374876,0.006840354480990074,0.016844570932221137
2021-07-23,0.011989074798879562,0.03576900299442154,0.012336637075686996
2021-07-26,0.002894170794954354,0.0076683997857200925,-0.0021406832739515602
2021-07-27,-0.01490014516053828,-0.015928878411672565,-0.008683476782815669
2021-07-28,-0.01219604932320928,0.031797123685972206,-0.0011168242907522163
2021-07-29,0.004552679630527079,-0.0023257686823403567,0.0009785342993466895
2021-07-30,0.001510396408317627,-0.0077405247055317705,-0.005549884156271001
2021-08-02,-0.0023310983741279268,0.0009500046657100469,-0.000315903848745247
2021-08-03,0.012644396866828389,0.005750621760366448,0.008075538723686382
2021-08-04,-0.0027824663624212986,-0.0037197007534357507,-0.0021249746601715858
2021-08-05,0.0007488910835116158,0.008333038919133617,0.010505789233473672
2021-08-06,-0.004767131703755756,-0.003765260707210172,-0.00020735815253147827
2021-08-09,-0.00034204139948790235,0.00865276356018807,-0.003903566635115152
2021-08-10,-0.0033541555285580005,-0.0007741692732047278,-0.006555183038978174
2021-08-11,0.001785490053806571,-0.0038592588495066638,0.0017804502030127622
2021-08-12,0.02077335850085671,0.006713946414133476,0.009966916933490388
2021-08-13,0.0014106268197477956,0.003888764072098594,0.010489574432186233
2021-08-16,0.0135478215164051,0.004225783801254934,0.005975710426242342
2021-08-17,-0.006153948341736437,-0.011915475934814013,-0.005159564528556038
2021-08-18,-0.025501203935533567,-0.008872098767429004,-0.0061190266778885505
2021-08-19,0.0023228543974331828,0.0017053747523618767,0.02077511145459998
2021-08-20,0.010156945672341378,0.012894342801124337,0.02557563887374026
2021-08-23,0.010257289446946594,0.01900615968904784,0.0009526977152944927
2021-08-24,-0.0006012429644162154,0.008711563143322554,-0.006663363459082583
2021-08-25,-0.008421527884194369,0.005787108600543656,-0.0020156127792679834
2021-08-26,-0.005526824328995206,-0.004493949131672226,-0.009668667410164367
2021-08-27,0.007184435803584632,0.018124122548453636,0.0021065679123912773
2021-08-30,0.030417082813870344,0.0040728338845963385,0.012911927704046366
2021-08-31,-0.008424574447629118,0.0007399629126765284,-0.005632777350240259
2021-09-01,0.0044785418345760775,0.0035799604958901554,-0.00016552854924190008
2021-09-02,0.007475004708861643,-0.013280188057069542,-0.0022527919441537314
2021-09-03,0.004230522493468225,0.0031579708553506336,-3.324868510856671e-05
2021-09-07,0.015489230460904002,0.0037637950553575106,-0.0031880066541405405
2021-09-08,-0.010083433428579203,-0.004085880953447418,9.9963497065092e-05
2021-09-09,-0.006704880452375495,-0.0010438218215059747,-0.009859527042667349
2021-09-10,-0.03310222843420829,-0.018566205918454703,-0.00518112102544499
2021-09-13,0.003893541312520954,0.010338974758562047,0.004328800589809001
2021-09-14,-0.009562122791885175,0.0014893833176559124,0.009427947121394054
2021-09-15,0.006144002229169887,0.013223845005397417,0.016778215449145817
2021-09-16,-0.0016107345769628134,-0.0056738820321435846,0.0013122824117692833
2021-09-17,-0.018348064518663443,-0.019566850233931454,-0.017528155586391647
2021-09-20,-0.02136096945839805,-0.014776408376423356,-0.018574941485065
2021-09-21,0.0034279635331937452,0.0022600613062653263,0.0016987748450367768
2021-09-22,0.016872400346526373,0.008994134816740385,0.012822273779523607
2021-09-23,0.006719351242127747,0.006647364372385445,0.0032822000231158555
2021-09-24,0.0006128237374349865,0.007074252146217042,-0.0007007723947600741
2021-09-27,-0.010550068427027104,-0.00803701040051319,-0.01730387148748813
2021-09-28,-0.02380092581969906,-0.0371584710156353,-0.0362040119191519
2021-09-29,0.006482716399087929,-0.010870201519186051,0.0016932887372143046
2021-09-30,-0.009311637861325384,-0.005042674097991862,-0.007324256969641119
2021-10-01,0.008127014060351101,0.021447429327417833,0.025468428409896493
2021-10-04,-0.02460527013066338,-0.021117835760783854,-0.020719507266117043
2021-10-05,0.014157908733482882,0.01768288614286262,0.019956845194899042
2021-10-06,0.00630728479132725,0.01133631236825372,0.015064569137446249
2021-10-07,0.0090843002914347,0.01206711261563509,0.005936333917144543
2021-10-08,-0.002721575337436777,0.004025973954379536,0.0
2021-10-11,-0.0006297865935296354,-0.006234756549536202,-0.0021027946312580648
2021-10-12,-0.009102844218623285,-0.017744663462250343,-0.004588467629242143
2021-10-13,-0.0042401112808923,0.008303284999502836,0.01171137940558209
2021-10-14,0.02022573723985288,0.025940942694375302,0.02173406674960887
2021-10-15,0.0075126618688499125,0.0015373030901357776,0.004822517743441557
2021-10-18,0.01180577690722151,0.009974091857720246,0.010124648720676088
2021-10-19,0.015080361198639425,0.0032149214154211236,0.0030591364740673033
2021-10-20,0.003361115791114866,-0.010248928891284148,-0.002660804390986149
2021-10-21,0.0014737530872011018,0.0008252861973860881,0.010897565506358786
2021-10-22,-0.005284690517879276,-0.03044344137737487,-0.005148491938592126
2021-10-25,-0.0003364899091812257,-0.0008685744432682663,-0.0033315072221018482
2021-10-26,0.0045747621861882415,0.013543291750181208,0.006425629023107282
2021-10-27,-0.0031473644424018232,0.049594867119456376,0.042114159735823
2021-10-28,0.024991604647867982,-0.0025202138874850233,0.0036513415094570068
2021-10-29,-0.01815572102022811,0.015063607629042464,0.022413914784448874
2021-11-01,-0.005607501334945919,-0.03072704331722298,-0.006784758320579343
2021-11-02,0.0071159486210239375,0.013488117547058032,0.011415576186756038
2021-11-03,0.009798555634862982,0.008014255070299514,0.0026118283223588445
2021-11-04,-0.0034983997305979564,0.011388171857009466,0.007305437678610582
2021-11-05,0.0035823364874951746,0.003942258206420579,-0.0011297070464014736
2021-11-08,-0.005552780634146437,0.001202432626390193,0.0027673568818513683
2021-11-09,0.002459750246792236,-0.0007547893537208639,-0.0030860909974981254
2021-11-10,-0.019163454181397754,-0.020313068059353845,-0.015329574271800928
2021-11-11,-0.0003378539048588536,-0.0008705554352004263,0.00492739922185037
2021-11-12,0.01433696207842261,0.019973666815395807,0.012905159875976846
2021-11-15,6.661747488423408e-05,-0.0015199769804328245,-0.0019304347761035512
2021-11-16,0.006666491660452412,-0.0038800734281457805,0.010236083992609668
2021-11-17,0.016490409248481885,0.0011562863350704777,0.0006784095039282789
2021-11-18,0.02853581421118423,0.012101011077118473,0.006340102881512655
2021-11-19,0.016976238668385157,-0.006086704861813619,0.005391637381073622
2021-11-22,0.002927214192859129,-0.017622701459029333,-0.009559633597301609
2021-11-23,0.0024221409139124628,-0.0035543382736215046,-0.006326670662049727
2021-11-24,0.003283332682471496,0.002318624005108072,0.0006809335714677012
2021-11-26,-0.03167839125275018,-0.02694370604069829,-0.024355457699465677
2021-11-29,0.021873680250870775,0.023543722390174437,0.02108091741730367
2021-11-30,0.03157777978724874,-0.02496384997240164,-0.01794258674743099
2021-12-01,-0.003206066132093177,-0.0059621659817507,-0.0015426174451341756
2021-12-02,-0.00613011373742256,0.013573092235126039,-0.0017873295842989467
2021-12-03,-0.011724263449743422,-0.006746290329490479,-0.019666734996335644
2021-12-06,0.021502729145201238,0.008123141836034353,0.009844693841668528
2021-12-07,0.03544613159933685,0.028741428687235393,0.026763719963116106
2021-12-08,0.022783168260839037,0.006226863590098608,0.00014930195471074548
2021-12-09,-0.002969992937266075,-0.0036980811930817925,-0.005582552875589841
2021-12-10,0.028013133287713154,0.002458526786619508,0.02833960003208036
2021-12-13,-0.020673958739160003,-0.014695588419392225,-0.009166778835977052
2021-12-14,-0.008023402187503414,-0.01316285877174439,-0.03258696315895182
2021-12-15,0.028509158604363538,0.017608358348802033,0.019217955341188864
2021-12-16,-0.03926398623372529,-0.01362995707940362,-0.02913465064875731
2021-12-17,-0.006501720185247639,-0.0188306735673327,-0.0033860384704195168
2021-12-20,-0.00812192906296294,-0.0008326908717454229,-0.012013457774978864
2021-12-21,0.019086849543455964,0.013173832497021642,0.023068909341664945
2021-12-22,0.015318717695950168,0.020509045093493716,0.018057540561093433
2021-12-23,0.0036439874826819096,0.0034254718476600665,0.004471806949392532
2021-12-27,0.022974693915605915,0.006738431964907088,0.023185408424257092
2021-12-28,-0.005767053501720021,-0.00824510498459119,-0.00350418173396283
2021-12-29,0.0005017497872772392,-0.00021818823397190545,0.002051547396316966
2021-12-30,-0.006578128814921702,-0.0030990537460995338,-0.007691315746154004
2021-12-31,-0.003535129894800315,-0.00922358822864855,-0.008841216377683647
2022-01-03,0.025003913517315013,0.0009629703103759546,-0.004668155651913919
2022-01-04,-0.012691321557032897,-0.004082890133571326,-0.01714708698754197
2022-01-05,-0.026600052139133523,-0.04587629359144041,-0.03838772528193912
2022-01-06,-0.016693263267195557,-0.00019965697327606335,-0.00790205799213517
2022-01-07,0.000988300823858479,-0.005302998728938468,0.000509872011310808
2022-01-10,0.0001163420013698957,0.01206047715581926,0.0007322922779944285
2022-01-11,0.01678356758711086,0.007690786034065589,0.0022591741823294598
2022-01-12,0.0025702306433754707,0.01212647104412179,0.010445010032609892
2022-01-13,-0.019027853810101636,-0.020105101930508296,-0.04232243390779655
2022-01-14,0.005110498486012638,0.006447065907143168,0.01771648123685088
2022-01-18,-0.018894266567386464,-0.02496759202856902,-0.024338857427942284
2022-01-19,-0.021024598221712543,-0.006481759793381947,0.002246219279602224
2022-01-20,-0.01034730582428367,-0.013388463458871902,-0.0057031580919318925
2022-01-21,-0.012764848733349488,-0.022174238115729272,-0.018467811200839623
2022-01-24,-0.004864343651887815,0.003471353736103744,0.0011481191559550297
2022-01-25,-0.011384719209410976,-0.02957858609272379,-0.026588341067586785
2022-01-26,-0.0005631135768232598,0.01810364437076828,0.028493371320137406
2022-01-27,-0.0029435631558131226,-0.00176412134475179,0.010548786681915834
2022-01-28,0.0697778488530767,0.03368855804390014,0.028081877103423247
2022-01-31,0.026125846240722117,0.014641786971185455,0.008823607079399443
2022-02-01,-0.0009726702197372372,0.017298083235964157,-0.007138678074159799
2022-02-02,0.007044129113962905,0.07523782854174477,0.015222037242789588
2022-02-03,-0.01671966122193491,-0.03317583373385857,-0.03895219861121346
2022-02-04,-0.0016794314075546657,0.0014186343370228283,0.015568546036726083
2022-02-07,-0.004234630484218016,-0.028556813622907296,-0.01631044634320411
2022-02-08,0.018466797108451782,0.0014225392634621414,0.011995189350401558
2022-02-09,0.008293891744552528,0.01573174708031133,0.021834867327376717
2022-02-10,-0.023598944652451048,-0.020990011550235943,-0.02837313407663422
2022-02-11,-0.020218565910689823,-0.031290387700888544,-0.024273977956370096
2022-02-14,0.001423329702960885,0.00926007744738011,-0.0001358206153749819
2022-02-15,0.023152241443580746,0.007987535453247041,0.018542511820928587
2022-02-16,-0.0013887850613577557,0.008268195997888306,-0.001167241221867954
2022-02-17,-0.02126909769094043,-0.03774574879438097,-0.029282049724630554
2022-02-18,-0.009355938755505222,-0.01611585524325565,-0.009630853252689309
2022-02-22,-0.017812225419285954,-0.004520700828697044,-0.0007294035013111211
2022-02-23,-0.025864114193085985,-0.017143842325038072,-0.02589332121715293
2022-02-24,0.016680243906725956,0.03999599122111119,0.05109380410072739
2022-02-25,0.012965486307936702,0.013328019555320036,0.00923305814055242
2022-02-28,0.001637847033573392,0.00444379498379166,0.0049780745502214785
2022-03-01,-0.01162824412045238,-0.007371057916672807,-0.012852029973688728
2022-03-02,0.02058836303455336,0.0038043267303502493,0.01776556632434856
2022-03-03,-0.001981168401273936,-0.004993668086356817,-0.014224027864207955
2022-03-04,-0.018408169314761857,-0.014884343827826552,-0.020478862938997477
2022-03-07,-0.023717801854857057,-0.04190856163598444,-0.03777654062295255
2022-03-08,-0.011675948827575056,0.005744710441499601,-0.010971245714655797
2022-03-09,0.03499757569426909,0.04968744342720588,0.04585821691433134
2022-03-10,-0.027186193618102594,-0.007423876104129867,-0.010086671666878488
2022-03-11,-0.023908834490160236,-0.019323508547424595,-0.019328544065194908
2022-03-14,-0.02656241319731345,-0.0301801215608668,-0.012961194584109492
2022-03-15,0.029677134522706927,0.0257798321059588,0.03874281181116257
2022-03-16,0.029015723097409296,0.03159882527972546,0.025213446210113233
2022-03-17,0.0064538870249326585,0.004190450830500181,0.002819284622774365
2022-03-18,0.02091906585467318,0.01708387515882004,0.017647750642202364
2022-03-21,0.008537819395672663,-0.00017625296348555697,-0.004227113219923417
2022-03-22,0.02080044483360277,0.027674337635017254,0.016379065502317935
2022-03-23,0.008233747268845182,-0.011385855441065962,-0.015029846683288661
2022-03-24,0.022677545600702897,0.023840144742467206,0.015392716390300043
2022-03-25,0.0037342371178954448,0.0007133446408777999,-0.0013811345539217479
2022-03-28,0.005036850697891504,-0.0015351060152795082,0.02311660468562038
2022-03-29,0.019134152130840798,0.0074226584405134854,0.015159373806919785
2022-03-30,-0.006649537819034657,-0.003978752554380294,-0.004914455206571966
2022-03-31,-0.01777577795588081,-0.020226945482600844,-0.017683020728540333
2022-04-01,-0.0017181090474019944,0.007787323826285775,0.003600450870203886
2022-04-04,0.023693550371946426,0.020128595986153464,0.017936758358005678
2022-04-05,-0.018942080174889853,-0.016650236065966606,-0.01298547144392237
2022-04-06,-0.018450786389551666,-0.028757125763592684,-0.036605789854940896
2022-04-07,0.0018041630900471617,-0.00482987896861109,0.0062436969773767
2022-04-08,-0.011908841463497244,-0.019140588243068635,-0.014599820931454066
2022-04-11,-0.025516029526723938,-0.03349155337608711,-0.03943188696376876
2022-04-12,0.011523278239304213,-0.008608780057209997,-0.011217845286621508
2022-04-13,0.016342515191456908,0.017065386666512916,0.019712559186660483
2022-04-14,-0.029988139495298216,-0.02435817940073859,-0.027084407235114627
2022-04-18,-0.0013309583661966773,0.007468569766376332,0.00246585602023619
2022-04-19,0.014115209155049824,0.01826889829232825,0.017039751668492586
2022-04-20,-0.0010154664566897065,-0.01514521087254983,0.0037152664635939914
2022-04-21,-0.004843705427680978,-0.025191327295196242,-0.01938138982198012
2022-04-22,-0.027821240926445,-0.0414935756365884,-0.024144279061517726
2022-04-25,0.006737459291774606,0.028741454385441623,0.024413386490079736
2022-04-26,-0.03732818635988411,-0.03594581608112313,-0.03740374824054726
2022-04-27,-0.0014667656538521756,-0.03670882554993926,0.048108898265837086
2022-04-28,0.045155298402961286,0.03699211207682995,0.02263250207587353
2022-04-29,-0.03660493936808229,-0.037233411173300035,-0.04181213873833911
2022-05-02,0.001966736740351971,0.021676628622566252,0.02504329130066929
2022-05-03,0.009622590858922475,0.006441680431503727,-0.00945590116459194
2022-05-04,0.041008335937318785,0.041991318799514676,0.02910054882985058
2022-05-05,-0.05571614702317906,-0.04707554430595895,-0.04355466026958299
2022-05-06,0.004727248462184308,-0.0065147423128926185,-0.009446350582056784
2022-05-09,-0.03318945712174415,-0.02795331324891759,-0.036945409012280495
2022-05-10,0.016112392748300453,0.01674499557477027,0.01859528282047318
2022-05-11,-0.051841612217966015,-0.006927730264086995,-0.03320955480112475
2022-05-12,-0.026894032458457562,-0.006676761249557295,-0.019957761656713813
2022-05-13,0.03191641554705327,0.028415346410508135,0.02259630832814996
2022-05-16,-0.010672594490786835,-0.013834456878803247,0.0014555002203220369
2022-05-17,0.025422798828477644,0.017720278216730945,0.020344029110155537
2022-05-18,-0.05641915520613361,-0.03926667069952572,-0.04552970236101794
2022-05-19,-0.02464145148318131,-0.013543375049804629,-0.0036996315455167794
2022-05-20,0.0017472775772260363,-0.013371438377338118,-0.0022911886274964433
2022-05-23,0.04011954438846299,0.02368966482002066,0.03203198056287504
2022-05-24,-0.019216179771966324,-0.04949407741611345,-0.003951708872631743
2022-05-25,0.0011398715753538902,-0.001557120441842974,0.011170008187522562
2022-05-26,0.023199378975840235,0.018784587777921802,0.012875343616252977
2022-05-27,0.04075677505590236,0.041969475269414414,0.027604592100018532
2022-05-31,-0.005345910155725275,0.012869876991487672,-0.005014182265937639
2022-06-01,-0.0008734576188998977,0.0011427515863284832,0.002023077610123547
2022-06-02,0.01681122384812017,0.03275470941313863,0.007928944126490034
2022-06-03,-0.038555685084091684,-0.026198252723341642,-0.01660700184948971
2022-06-06,0.00522764350983751,0.019901210263062907,-0.0047037192282094464
2022-06-07,0.01758596818571223,0.0028162466255465812,0.01395394327790278
2022-06-08,-0.005043367154436096,0.0003799920306499782,-0.007669735280391832
2022-06-09,-0.03595573084781789,-0.02012485462639424,-0.020783552291805507
2022-06-10,-0.03862864281035294,-0.031993546845986875,-0.044563512837996755
2022-06-13,-0.0382850206824612,-0.04290155164234333,-0.0424127391156891
2022-06-14,0.006673121666307846,0.0030359380355264864,0.009205060480885319
2022-06-15,0.02011124604005876,0.028571362814528545,0.02973523077507889
2022-06-16,-0.03965162316311255,-0.033991073808477656,-0.026970005665218122
2022-06-17,0.01153336577753783,0.01046834899148541,0.010940019708513438
2022-06-21,0.03276047945307292,0.04107117657214032,0.024591175288244616
2022-06-22,-0.0038270057680965808,-0.0005064289294773872,-0.00240403647268872
2022-06-23,0.021573470759167712,0.006767418605891917,0.022636440819604253
2022-06-24,0.02451734686592566,0.05107713806485026,0.03414990602881307
2022-06-27,0.0,-0.018152065641912296,-0.010496801456273408
2022-06-28,-0.02978969812246901,-0.03303017747727155,-0.031748973767502076
2022-06-29,0.01302406450236604,-0.0027319650324373335,0.014737825974394214
2022-06-30,-0.01802789443097963,-0.024516313976364446,-0.013179037451620745
2022-07-01,0.016164307515208032,-0.002069472574698583,0.010707318530770893
2022-07-05,0.01893053170654868,0.04161856940764452,0.012597565038939162
2022-07-06,0.009607215092873211,0.011557213393630583,0.012782745704015275
2022-07-07,0.023999629020622137,0.036754131844553006,0.008226631732251022
2022-07-08,0.004714579381229322,0.004802889681440714,-0.0027569098499689026
2022-07-11,-0.014757793394903684,-0.030807672919421547,-0.011768811428023662
2022-07-12,0.006833520915350277,-0.014315638195382507,-0.04098145484413129
2022-07-13,-0.0025365318797800906,-0.023390593344646993,-0.00374502336052307
2022-07-14,0.020482331303527834,-0.008854646456187387,0.005381447650526061
2022-07-15,0.011450155839121567,0.012775377543950528,0.010390434900678702
2022-07-18,-0.020643168558831415,-0.02458012146345845,-0.009621353726401272
2022-07-19,0.02672193659479105,0.04384121369745975,0.02076685131327549
2022-07-20,0.013509907553349132,0.0007908487330337,0.01055740460648491
2022-07-21,0.015094110377095626,0.0038629119749866714,0.009799311134049304
2022-07-22,-0.00811058158239164,-0.056323219863619434,-0.01691599154921153
2022-07-25,-0.007398373967361316,-0.003614363131390519,-0.005876506940335591
2022-07-26,-0.008826323362464139,-0.023160735612234085,-0.026774267958359355
2022-07-27,0.0342346540946441,0.07655696603654216,0.0668520483077144
2022-07-28,0.003571882527216186,0.0102599639825951,0.028540479212055825
2022-07-29,0.032792950867440274,0.018385621839090316,0.015665091383945118
2022-08-01,-0.006153365669535615,-0.012551563293961898,-0.009724010249996917
2022-08-02,-0.009287436268580751,0.0023505899929430196,-0.011474630616641224
2022-08-03,0.038247728834669426,0.025623258541330518,0.027836420126653882
2022-08-04,-0.0019262973123770344,0.0009316390281939313,0.004177468985533173
2022-08-05,-0.0013889593551065227,-0.0060919354295106976,-0.0026087991592006476
2022-08-08,-0.002902986319809342,-0.0014470863796489652,-0.009154900991133919
2022-08-09,0.0003030926639071563,-0.005711934282395359,0.007063290769029562
2022-08-10,0.026194722203034093,0.026322482808235126,0.024300442805704092
2022-08-11,-0.004431743592998361,-0.007184634001086487,-0.007400880790304543
2022-08-12,0.02142575320155915,0.023897723895282663,0.017037303859992248
2022-08-15,0.006333513847424088,0.0032873589609025977,0.005344167312077985
2022-08-16,-0.0009238578434886957,-0.0031127488286247784,-0.0025898517773949026
2022-08-17,0.00878454144292351,-0.017666342969126725,-0.0026360238779419287
2022-08-18,-0.00229169367599813,0.005186103297573297,-0.0039475509192158365
2022-08-19,-0.015101730799559787,-0.02463182334418379,-0.013854344347686842
2022-08-22,-0.0230296204075654,-0.02533912989156628,-0.0293550594892541
2022-08-23,-0.00202891333307309,-0.003326301809451704,-0.0047163585646674555
2022-08-24,0.001793911748068977,-0.0014930345277969215,-0.00235139408515439
2022-08-25,0.014922895842635286,0.026035765566381652,0.011095273911036596
2022-08-26,-0.03769926531838608,-0.05409358879882098,-0.038586933699878756
2022-08-29,-0.01369031988665792,-0.008337840763080084,-0.01066805192626985
2022-08-30,-0.01530555010236423,-0.004386662352346082,-0.008520912832675753
2022-08-31,-0.010634982640793877,-0.0066091962728388465,-0.005703918915806017
2022-09-01,0.0047070769807116,0.014045412182610129,-0.004092371175486109
2022-09-02,-0.013611258187949726,-0.017222510139466185,-0.016666683654378067
2022-09-06,-0.008215086405037764,-0.009643149249980887,-0.01097389240390556
2022-09-07,0.009253855029022873,0.024716992697144446,0.0191113686137101
2022-09-08,-0.009617617849211113,-0.009776156992973628,0.001666166084872689
2022-09-09,0.01883951297416009,0.020944775742275823,0.022977226900236403
2022-09-12,0.03850793568248134,0.0018979437324400106,0.008280765571435866
2022-09-13,-0.05867961848631231,-0.05899328420895655,-0.05497838929803889
2022-09-14,0.00955570466823441,0.0065182858312038405,0.0009126360125055744
2022-09-15,-0.018930015935771483,-0.019904662931865214,-0.02711901547466722
2022-09-16,-0.010960129254330986,-0.0010689721601105928,-0.0026083103513920847
2022-09-19,0.02508280281898312,0.002626499248835623,-0.000898843776868774
2022-09-20,0.015665510011767303,-0.018725222098684102,-0.008465607992642399
2022-09-21,-0.020267702479698113,-0.018390311248846603,-0.014435940866580177
2022-09-22,-0.00637520684106363,0.00866237539573067,0.008495480809571188
2022-09-23,-0.015123784148663555,-0.013980439326110483,-0.012698264610672028
2022-09-26,0.002260396712090218,-0.005772764237311212,-0.0019753434457635555
2022-09-27,0.006566149709981595,-0.0068248408131328375,-0.004379842231786446
2022-09-28,-0.012651686185073618,0.026153921482344744,0.019711593230950175
2022-09-29,-0.04911893794654354,-0.026287062420563556,-0.014809109809048593
2022-09-30,-0.030039395321949658,-0.018168648337429927,-0.019368432843900774
2022-10-03,0.03075235248240138,0.03125980958885899,0.03366257663817618
2022-10-04,0.025623457378491254,0.030413562545202666,0.033812525483166045
2022-10-05,0.0020533593351252932,-0.0020660383171574592,0.0012856265955454305
2022-10-06,-0.006625572820212922,-9.86729397635111e-05,-0.009670981023608305
2022-10-07,-0.03671871194828913,-0.02701635044821915,-0.05085285965449349
2022-10-10,0.0023553187795846142,-0.00830966543248246,-0.021302970319731163
2022-10-11,-0.010254697940461743,-0.006948733035414767,-0.016750168249457853
2022-10-12,-0.004605063294527367,0.003910314935505976,0.0015081451892080544
2022-10-13,0.03361298591877526,0.01537508287015088,0.03760812361473964
2022-10-14,-0.03224023150079214,-0.025237270336245343,-0.0242486152589394
2022-10-17,0.0291227315595759,0.03531507665732514,0.03924563642126433
2022-10-18,0.009409502406740211,0.008002286038405915,0.004083702190320615
2022-10-19,0.0007651168808764375,-0.011312945070385605,-0.008469549005565624
2022-10-20,-0.0032670379861177157,0.0034127960167791294,-0.0013956231478151615
2022-10-21,0.02705894701136824,0.01160331859441488,0.025280552709001425
2022-10-24,0.014802925853812487,0.013744766356048155,0.02118793663686236
2022-10-25,0.019337492156832337,0.019118176728048608,0.013791717732895004
2022-10-26,-0.019627098657439168,-0.09140503595082317,-0.07715632506093317
2022-10-27,-0.03046525534527955,-0.02854730736265476,-0.019756295466470397
2022-10-28,0.07555214306266311,0.0441335286382476,0.04022060635004432
2022-10-31,-0.015409989069426255,-0.018485722816822592,-0.01585616002894441
2022-11-01,-0.017542891406192807,-0.0427468737021639,-0.01705943475052052
2022-11-02,-0.03730504538781032,-0.03868693250270561,-0.035368317736935606
2022-11-03,-0.042405130458210816,-0.04070362876590505,-0.026578981099689147
2022-11-04,-0.0019470554051433941,0.037756166086100995,0.033325642966637314
2022-11-07,0.0039022667633259456,0.022060518272142504,0.029269575138202386
2022-11-08,0.004175146987273282,0.004633366046759457,0.004388577229319068
2022-11-09,-0.033190088973748644,-0.017772764612463132,-0.019050133312049744
2022-11-10,0.08897444881881622,0.07581311589301065,0.08226805994872732
2022-11-11,0.019268892763268486,0.026293312635319976,0.016997274169975096
2022-11-14,-0.009485646559891037,-0.007364355186641691,-0.022500150687152387
2022-11-15,0.011869198690033445,0.02863111807533203,0.001738824343515022
2022-11-16,-0.008330934644875332,0.004164962095562386,0.0018233642131140204
2022-11-17,0.012971255137022686,-0.004956974898957411,-0.0002068072629731743
2022-11-18,0.003781948595190432,-0.0094550424708304,-0.0019032007515401572
2022-11-21,-0.0216802525586951,-0.01878265168682358,0.003440864878736072
2022-11-22,0.014661134741615012,0.015167332314636406,0.012311370660916587
2022-11-23,0.005926337307785801,0.014528453967763921,0.010406902260107875
2022-11-25,-0.019593689826020833,-0.010156440251529175,-0.00036334398714754634
2022-11-28,-0.026264197417616986,-0.014467337332822683,-0.023152632012011676
2022-11-29,-0.02114824662843695,-0.00895367605336339,-0.005915009483875466
2022-11-30,0.04859382051162031,0.060930808104874945,0.06162369447542604
2022-12-01,0.0018916252202898498,0.0,-0.0017636823133595492
2022-12-02,-0.0033711817019047574,-0.0054461721490777215,0.0012956806752308925
2022-12-05,-0.0079834282542528,-0.009558023191731713,-0.018900542210655402
2022-12-06,-0.025369719381889033,-0.02513056552625703,-0.02030363451304873
2022-12-07,-0.013784848944865202,-0.02103527791317583,-0.0030598414154219267
2022-12-08,0.012132484690704715,-0.01295567669297537,0.012399127044575797
2022-12-09,-0.003434975680402519,-0.00939053269122292,-0.008003097152974092
2022-12-12,0.016389952314300515,0.0051707016119304505,0.028889181547199883
2022-12-13,0.006782573606125553,0.02486334267084378,0.017464762194135508
2022-12-14,-0.0155358948717782,-0.005855843925490878,0.0011677228084199243
2022-12-15,-0.04685438082604354,-0.04428320376454542,-0.0319183990484142
2022-12-16,-0.014578764586218207,-0.0066035354687248304,-0.017348546826696176
2022-12-19,-0.015909529105732068,-0.020163979173522528,-0.01732817277971277
2022-12-20,-0.0005288533701426346,0.006558157533419706,0.005614491645762998
2022-12-21,0.023809707605950692,0.006290657302213232,0.010876740893762893
2022-12-22,-0.023772588505884706,-0.020316958536022,-0.025528730713801906
2022-12-23,-0.0027984941447414258,0.016750210594365766,0.0022671835927179362
2022-12-27,-0.013878125133487518,-0.0206209775456051,-0.007414318288356148
2022-12-28,-0.030685214506252723,-0.015676840918681934,-0.010254955370359586
2022-12-29,0.028324123299337867,0.028249320527852673,0.027629713931266453
2022-12-30,0.0024690809720306905,-0.002487286757506202,-0.004937440440384577
